n,m,min_dur,merge_int,refract,total_episodes,tp_alarms,fp_alarms,fa_per_day,detected_events,total_events,event_sens,median_delay
1,1,0.0,0,0,816,18,798,93.99434238778501,15,25,0.6,81.5
1,1,0.0,0,15,663,15,648,76.32623291639685,15,25,0.6,81.5
1,1,0.0,0,30,590,15,575,67.72775297365462,15,25,0.6,81.5
1,1,0.0,0,60,502,15,487,57.36246208377356,15,25,0.6,81.5
1,1,0.0,0,120,404,12,392,46.17265941856106,12,25,0.48,96.25
1,1,0.0,5,0,696,15,681,80.21321700010225,15,25,0.6,92.5
1,1,0.0,5,15,624,15,609,71.73252445383594,15,25,0.6,92.5
1,1,0.0,5,30,555,15,540,63.60519409699737,15,25,0.6,92.5
1,1,0.0,5,60,482,15,467,55.006714154255135,15,25,0.6,92.5
1,1,0.0,5,120,394,12,382,44.994785453801846,12,25,0.48,97.25
1,1,0.0,10,0,641,15,626,73.7349101939266,15,25,0.6,92.5
1,1,0.0,10,15,612,15,597,70.31907569612488,15,25,0.6,92.5
1,1,0.0,10,30,532,15,517,60.896083978051195,15,25,0.6,92.5
1,1,0.0,10,60,464,15,449,52.88654101768856,15,25,0.6,92.5
1,1,0.0,10,120,385,12,373,43.93469888551856,12,25,0.48,97.25
1,1,0.0,15,0,597,15,582,68.55226474898606,15,25,0.6,92.5
1,1,0.0,15,15,597,15,582,68.55226474898606,15,25,0.6,92.5
1,1,0.0,15,30,517,15,502,59.12927303091237,15,25,0.6,92.5
1,1,0.0,15,60,447,15,432,50.8841552775979,15,25,0.6,92.5
1,1,0.0,15,120,376,12,364,42.87461231723527,12,25,0.48,97.25
1,1,0.0,20,0,552,15,537,63.25183190756961,15,25,0.6,92.5
1,1,0.0,20,15,552,15,537,63.25183190756961,15,25,0.6,92.5
1,1,0.0,20,30,507,15,492,57.951399066153165,15,25,0.6,92.5
1,1,0.0,20,60,425,15,410,48.29283255512764,15,25,0.6,92.5
1,1,0.0,20,120,367,12,355,41.81452574895198,12,25,0.48,97.25
1,1,0.0,30,0,489,15,474,55.83122592958659,15,25,0.6,92.5
1,1,0.0,30,15,489,15,474,55.83122592958659,15,25,0.6,92.5
1,1,0.0,30,30,489,15,474,55.83122592958659,15,25,0.6,92.5
1,1,0.0,30,60,406,15,391,46.054872022085135,15,25,0.6,92.5
1,1,0.0,30,120,352,12,340,40.047714801813164,12,25,0.48,97.25
1,1,0.0,60,0,373,15,358,42.16788793837974,15,25,0.6,92.5
1,1,0.0,60,15,373,15,358,42.16788793837974,15,25,0.6,92.5
1,1,0.0,60,30,373,15,358,42.16788793837974,15,25,0.6,92.5
1,1,0.0,60,60,373,15,358,42.16788793837974,15,25,0.6,92.5
1,1,0.0,60,120,310,12,298,35.100644149824475,12,25,0.48,97.25
1,1,5.0,0,0,816,18,798,93.99434238778501,15,25,0.6,81.5
1,1,5.0,0,15,663,15,648,76.32623291639685,15,25,0.6,81.5
1,1,5.0,0,30,590,15,575,67.72775297365462,15,25,0.6,81.5
1,1,5.0,0,60,502,15,487,57.36246208377356,15,25,0.6,81.5
1,1,5.0,0,120,404,12,392,46.17265941856106,12,25,0.48,96.25
1,1,5.0,5,0,696,15,681,80.21321700010225,15,25,0.6,92.5
1,1,5.0,5,15,624,15,609,71.73252445383594,15,25,0.6,92.5
1,1,5.0,5,30,555,15,540,63.60519409699737,15,25,0.6,92.5
1,1,5.0,5,60,482,15,467,55.006714154255135,15,25,0.6,92.5
1,1,5.0,5,120,394,12,382,44.994785453801846,12,25,0.48,97.25
1,1,5.0,10,0,641,15,626,73.7349101939266,15,25,0.6,92.5
1,1,5.0,10,15,612,15,597,70.31907569612488,15,25,0.6,92.5
1,1,5.0,10,30,532,15,517,60.896083978051195,15,25,0.6,92.5
1,1,5.0,10,60,464,15,449,52.88654101768856,15,25,0.6,92.5
1,1,5.0,10,120,385,12,373,43.93469888551856,12,25,0.48,97.25
1,1,5.0,15,0,597,15,582,68.55226474898606,15,25,0.6,92.5
1,1,5.0,15,15,597,15,582,68.55226474898606,15,25,0.6,92.5
1,1,5.0,15,30,517,15,502,59.12927303091237,15,25,0.6,92.5
1,1,5.0,15,60,447,15,432,50.8841552775979,15,25,0.6,92.5
1,1,5.0,15,120,376,12,364,42.87461231723527,12,25,0.48,97.25
1,1,5.0,20,0,552,15,537,63.25183190756961,15,25,0.6,92.5
1,1,5.0,20,15,552,15,537,63.25183190756961,15,25,0.6,92.5
1,1,5.0,20,30,507,15,492,57.951399066153165,15,25,0.6,92.5
1,1,5.0,20,60,425,15,410,48.29283255512764,15,25,0.6,92.5
1,1,5.0,20,120,367,12,355,41.81452574895198,12,25,0.48,97.25
1,1,5.0,30,0,489,15,474,55.83122592958659,15,25,0.6,92.5
1,1,5.0,30,15,489,15,474,55.83122592958659,15,25,0.6,92.5
1,1,5.0,30,30,489,15,474,55.83122592958659,15,25,0.6,92.5
1,1,5.0,30,60,406,15,391,46.054872022085135,15,25,0.6,92.5
1,1,5.0,30,120,352,12,340,40.047714801813164,12,25,0.48,97.25
1,1,5.0,60,0,373,15,358,42.16788793837974,15,25,0.6,92.5
1,1,5.0,60,15,373,15,358,42.16788793837974,15,25,0.6,92.5
1,1,5.0,60,30,373,15,358,42.16788793837974,15,25,0.6,92.5
1,1,5.0,60,60,373,15,358,42.16788793837974,15,25,0.6,92.5
1,1,5.0,60,120,310,12,298,35.100644149824475,12,25,0.48,97.25
1,1,7.5,0,0,631,17,614,72.32146143621553,15,25,0.6,81.5
1,1,7.5,0,15,524,15,509,59.953784806243824,15,25,0.6,81.5
1,1,7.5,0,30,473,15,458,53.94662758597185,15,25,0.6,81.5
1,1,7.5,0,60,411,15,396,46.64380900446474,15,25,0.6,81.5
1,1,7.5,0,120,342,13,329,38.75205344057803,13,25,0.52,92.5
1,1,7.5,5,0,552,15,537,63.25183190756961,15,25,0.6,92.5
1,1,7.5,5,15,499,15,484,57.009099894345795,15,25,0.6,92.5
1,1,7.5,5,30,442,15,427,50.2952182952183,15,25,0.6,92.5
1,1,7.5,5,60,396,15,381,44.87699805732593,15,25,0.6,92.5
1,1,7.5,5,120,330,13,317,37.33860468286698,13,25,0.52,94.5
1,1,7.5,10,0,510,15,495,58.30476125558093,15,25,0.6,92.5
1,1,7.5,10,15,489,15,474,55.83122592958659,15,25,0.6,92.5
1,1,7.5,10,30,422,15,407,47.939470365699876,15,25,0.6,92.5
1,1,7.5,10,60,378,15,363,42.75682492075935,15,25,0.6,92.5
1,1,7.5,10,120,324,13,311,36.63188030401145,13,25,0.52,94.5
1,1,7.5,15,0,477,15,462,54.417777171875535,15,25,0.6,92.5
1,1,7.5,15,15,477,15,462,54.417777171875535,15,25,0.6,92.5
1,1,7.5,15,30,411,15,396,46.64380900446474,15,25,0.6,92.5
1,1,7.5,15,60,367,15,352,41.461163559524216,15,25,0.6,92.5
1,1,7.5,15,120,316,13,303,35.68958113220408,13,25,0.52,94.5
1,1,7.5,20,0,441,15,426,50.17743089874237,15,25,0.6,92.5
1,1,7.5,20,15,441,15,426,50.17743089874237,15,25,0.6,92.5
1,1,7.5,20,30,402,15,387,45.58372243618145,15,25,0.6,92.5
1,1,7.5,20,60,351,15,336,39.576565215909476,15,25,0.6,92.5
1,1,7.5,20,120,306,13,293,34.511707167444875,13,25,0.52,94.5
1,1,7.5,30,0,391,15,376,44.28806107494632,15,25,0.6,92.5
1,1,7.5,30,15,391,15,376,44.28806107494632,15,25,0.6,92.5
1,1,7.5,30,30,391,15,376,44.28806107494632,15,25,0.6,92.5
1,1,7.5,30,60,335,15,320,37.69196687229474,15,25,0.6,92.5
1,1,7.5,30,120,294,13,281,33.09825840973382,13,25,0.52,94.5
1,1,7.5,60,0,307,15,292,34.39391977096895,15,25,0.6,92.5
1,1,7.5,60,15,307,15,292,34.39391977096895,15,25,0.6,92.5
1,1,7.5,60,30,307,15,292,34.39391977096895,15,25,0.6,92.5
1,1,7.5,60,60,307,15,292,34.39391977096895,15,25,0.6,92.5
1,1,7.5,60,120,259,12,247,29.093486929552505,12,25,0.48,97.25
1,1,10.0,0,0,486,16,470,55.3600763436829,15,25,0.6,81.5
1,1,10.0,0,15,413,15,398,46.87938379741659,15,25,0.6,81.5
1,1,10.0,0,30,375,15,360,42.40346273133159,15,25,0.6,81.5
1,1,10.0,0,60,324,15,309,36.39630551105961,15,25,0.6,81.5
1,1,10.0,0,120,272,13,259,30.506935687263557,13,25,0.52,92.5
1,1,10.0,5,0,438,15,423,49.82406870931461,15,25,0.6,92.5
1,1,10.0,5,15,402,15,387,45.58372243618145,15,25,0.6,92.5
1,1,10.0,5,30,359,15,344,40.518864387716846,15,25,0.6,92.5
1,1,10.0,5,60,317,15,302,35.571793735728164,15,25,0.6,92.5
1,1,10.0,5,120,268,13,255,30.03578610135987,13,25,0.52,94.5
1,1,10.0,10,0,407,15,392,46.17265941856106,15,25,0.6,92.5
1,1,10.0,10,15,395,15,380,44.75921066085001,15,25,0.6,92.5
1,1,10.0,10,30,344,15,329,38.75205344057803,15,25,0.6,92.5
1,1,10.0,10,60,302,15,287,33.80498278858935,15,25,0.6,92.5
1,1,10.0,10,120,264,13,251,29.564636515456186,13,25,0.52,94.5
1,1,10.0,15,0,389,15,374,44.052486281994476,15,25,0.6,92.5
1,1,10.0,15,15,389,15,374,44.052486281994476,15,25,0.6,92.5
1,1,10.0,15,30,336,15,321,37.80975426877066,15,25,0.6,92.5
1,1,10.0,15,60,297,15,282,33.21604580620974,15,25,0.6,92.5
1,1,10.0,15,120,263,13,250,29.446849118980268,13,25,0.52,94.5
1,1,10.0,20,0,362,15,347,40.87222657714461,15,25,0.6,92.5
1,1,10.0,20,15,362,15,347,40.87222657714461,15,25,0.6,92.5
1,1,10.0,20,30,330,15,315,37.103029889915135,15,25,0.6,92.5
1,1,10.0,20,60,286,15,271,31.92038444497461,15,25,0.6,92.5
1,1,10.0,20,120,257,13,244,28.74012474012474,13,25,0.52,94.5
1,1,10.0,30,0,319,15,304,35.80736852868,15,25,0.6,92.5
1,1,10.0,30,15,319,15,304,35.80736852868,15,25,0.6,92.5
1,1,10.0,30,30,319,15,304,35.80736852868,15,25,0.6,92.5
1,1,10.0,30,60,271,15,256,30.153573497835794,15,25,0.6,92.5
1,1,10.0,30,120,243,13,230,27.091101189461845,13,25,0.52,94.5
1,1,10.0,60,0,252,15,237,27.915612964793294,15,25,0.6,92.5
1,1,10.0,60,15,252,15,237,27.915612964793294,15,25,0.6,92.5
1,1,10.0,60,30,252,15,237,27.915612964793294,15,25,0.6,92.5
1,1,10.0,60,60,252,15,237,27.915612964793294,15,25,0.6,92.5
1,1,10.0,60,120,212,13,199,23.439691898708293,13,25,0.52,94.5
1,1,15.0,0,0,325,16,309,36.39630551105961,15,25,0.6,81.5
1,1,15.0,0,15,273,15,258,30.389148290787634,15,25,0.6,81.5
1,1,15.0,0,30,245,15,230,27.091101189461845,15,25,0.6,81.5
1,1,15.0,0,60,218,15,203,23.910841484611975,15,25,0.6,81.5
1,1,15.0,0,120,188,13,175,20.612794383286186,13,25,0.52,92.5
1,1,15.0,5,0,304,15,289,34.04055758154119,15,25,0.6,92.5
1,1,15.0,5,15,275,15,260,30.62472308373948,15,25,0.6,92.5
1,1,15.0,5,30,249,15,234,27.56225077536553,15,25,0.6,92.5
1,1,15.0,5,60,224,15,209,24.617565863467505,15,25,0.6,92.5
1,1,15.0,5,120,189,13,176,20.730581779762108,13,25,0.52,94.5
1,1,15.0,10,0,285,15,270,31.802597048498686,15,25,0.6,92.5
1,1,15.0,10,15,275,15,260,30.62472308373948,15,25,0.6,92.5
1,1,15.0,10,30,243,15,228,26.855526396510005,15,25,0.6,92.5
1,1,15.0,10,60,218,15,203,23.910841484611975,15,25,0.6,92.5
1,1,15.0,10,120,189,13,176,20.730581779762108,13,25,0.52,94.5
1,1,15.0,15,0,277,15,262,30.86029787669132,15,25,0.6,92.5
1,1,15.0,15,15,277,15,262,30.86029787669132,15,25,0.6,92.5
1,1,15.0,15,30,242,15,227,26.737739000034082,15,25,0.6,92.5
1,1,15.0,15,60,217,15,202,23.793054088136056,15,25,0.6,92.5
1,1,15.0,15,120,191,13,178,20.96615657271395,13,25,0.52,94.5
1,1,15.0,20,0,263,15,248,29.211274326028423,15,25,0.6,92.5
1,1,15.0,20,15,263,15,248,29.211274326028423,15,25,0.6,92.5
1,1,15.0,20,30,240,15,225,26.50216420708224,15,25,0.6,92.5
1,1,15.0,20,60,211,15,196,23.08632970928053,15,25,0.6,92.5
1,1,15.0,20,120,189,13,176,20.730581779762108,13,25,0.52,94.5
1,1,15.0,30,0,234,15,219,25.795439828226712,15,25,0.6,92.5
1,1,15.0,30,15,234,15,219,25.795439828226712,15,25,0.6,92.5
1,1,15.0,30,30,234,15,219,25.795439828226712,15,25,0.6,92.5
1,1,15.0,30,60,200,15,185,21.790668348045397,15,25,0.6,92.5
1,1,15.0,30,120,180,13,167,19.67049521147882,13,25,0.52,94.5
1,1,15.0,60,0,199,15,184,21.672880951569475,15,25,0.6,92.5
1,1,15.0,60,15,199,15,184,21.672880951569475,15,25,0.6,92.5
1,1,15.0,60,30,199,15,184,21.672880951569475,15,25,0.6,92.5
1,1,15.0,60,60,199,15,184,21.672880951569475,15,25,0.6,92.5
1,1,15.0,60,120,168,13,155,18.257046453767764,13,25,0.52,94.5
2,3,0.0,0,0,631,17,614,72.32146143621553,15,25,0.6,84.0
2,3,0.0,0,15,524,15,509,59.953784806243824,15,25,0.6,84.0
2,3,0.0,0,30,473,15,458,53.94662758597185,15,25,0.6,84.0
2,3,0.0,0,60,411,15,396,46.64380900446474,15,25,0.6,84.0
2,3,0.0,0,120,342,13,329,38.75205344057803,13,25,0.52,95.0
2,3,0.0,5,0,555,15,540,63.60519409699737,15,25,0.6,95.0
2,3,0.0,5,15,499,15,484,57.009099894345795,15,25,0.6,95.0
2,3,0.0,5,30,445,15,430,50.64858048464606,15,25,0.6,95.0
2,3,0.0,5,60,397,15,382,44.994785453801846,15,25,0.6,95.0
2,3,0.0,5,120,331,13,318,37.4563920793429,13,25,0.52,97.0
2,3,0.0,10,0,513,15,498,58.65812344500869,15,25,0.6,95.0
2,3,0.0,10,15,491,15,476,56.066800722538424,15,25,0.6,95.0
2,3,0.0,10,30,429,15,414,48.76398214103132,15,25,0.6,95.0
2,3,0.0,10,60,381,15,366,43.11018711018711,15,25,0.6,95.0
2,3,0.0,10,120,326,13,313,36.8674550969633,13,25,0.52,97.0
2,3,0.0,15,0,481,15,466,54.88892675777922,15,25,0.6,95.0
2,3,0.0,15,15,481,15,466,54.88892675777922,15,25,0.6,95.0
2,3,0.0,15,30,419,15,404,47.58610817627211,15,25,0.6,95.0
2,3,0.0,15,60,372,15,357,42.050100541903824,15,25,0.6,95.0
2,3,0.0,15,120,319,13,306,36.042943321631846,13,25,0.52,97.0
2,3,0.0,20,0,448,15,433,51.001942674073824,15,25,0.6,95.0
2,3,0.0,20,15,448,15,433,51.001942674073824,15,25,0.6,95.0
2,3,0.0,20,30,413,15,398,46.87938379741659,15,25,0.6,95.0
2,3,0.0,20,60,357,15,342,40.283289594765,15,25,0.6,95.0
2,3,0.0,20,120,310,13,297,34.98285675334856,13,25,0.52,97.0
2,3,0.0,30,0,396,15,381,44.87699805732593,15,25,0.6,95.0
2,3,0.0,30,15,396,15,381,44.87699805732593,15,25,0.6,95.0
2,3,0.0,30,30,396,15,381,44.87699805732593,15,25,0.6,95.0
2,3,0.0,30,60,339,15,324,38.163116458198424,15,25,0.6,95.0
2,3,0.0,30,120,298,13,285,33.569407995637505,13,25,0.52,97.0
2,3,0.0,60,0,313,15,298,35.100644149824475,15,25,0.6,95.0
2,3,0.0,60,15,313,15,298,35.100644149824475,15,25,0.6,95.0
2,3,0.0,60,30,313,15,298,35.100644149824475,15,25,0.6,95.0
2,3,0.0,60,60,313,15,298,35.100644149824475,15,25,0.6,95.0
2,3,0.0,60,120,264,12,252,29.68242391193211,12,25,0.48,99.75
2,3,5.0,0,0,631,17,614,72.32146143621553,15,25,0.6,84.0
2,3,5.0,0,15,524,15,509,59.953784806243824,15,25,0.6,84.0
2,3,5.0,0,30,473,15,458,53.94662758597185,15,25,0.6,84.0
2,3,5.0,0,60,411,15,396,46.64380900446474,15,25,0.6,84.0
2,3,5.0,0,120,342,13,329,38.75205344057803,13,25,0.52,95.0
2,3,5.0,5,0,555,15,540,63.60519409699737,15,25,0.6,95.0
2,3,5.0,5,15,499,15,484,57.009099894345795,15,25,0.6,95.0
2,3,5.0,5,30,445,15,430,50.64858048464606,15,25,0.6,95.0
2,3,5.0,5,60,397,15,382,44.994785453801846,15,25,0.6,95.0
2,3,5.0,5,120,331,13,318,37.4563920793429,13,25,0.52,97.0
2,3,5.0,10,0,513,15,498,58.65812344500869,15,25,0.6,95.0
2,3,5.0,10,15,491,15,476,56.066800722538424,15,25,0.6,95.0
2,3,5.0,10,30,429,15,414,48.76398214103132,15,25,0.6,95.0
2,3,5.0,10,60,381,15,366,43.11018711018711,15,25,0.6,95.0
2,3,5.0,10,120,326,13,313,36.8674550969633,13,25,0.52,97.0
2,3,5.0,15,0,481,15,466,54.88892675777922,15,25,0.6,95.0
2,3,5.0,15,15,481,15,466,54.88892675777922,15,25,0.6,95.0
2,3,5.0,15,30,419,15,404,47.58610817627211,15,25,0.6,95.0
2,3,5.0,15,60,372,15,357,42.050100541903824,15,25,0.6,95.0
2,3,5.0,15,120,319,13,306,36.042943321631846,13,25,0.52,97.0
2,3,5.0,20,0,448,15,433,51.001942674073824,15,25,0.6,95.0
2,3,5.0,20,15,448,15,433,51.001942674073824,15,25,0.6,95.0
2,3,5.0,20,30,413,15,398,46.87938379741659,15,25,0.6,95.0
2,3,5.0,20,60,357,15,342,40.283289594765,15,25,0.6,95.0
2,3,5.0,20,120,310,13,297,34.98285675334856,13,25,0.52,97.0
2,3,5.0,30,0,396,15,381,44.87699805732593,15,25,0.6,95.0
2,3,5.0,30,15,396,15,381,44.87699805732593,15,25,0.6,95.0
2,3,5.0,30,30,396,15,381,44.87699805732593,15,25,0.6,95.0
2,3,5.0,30,60,339,15,324,38.163116458198424,15,25,0.6,95.0
2,3,5.0,30,120,298,13,285,33.569407995637505,13,25,0.52,97.0
2,3,5.0,60,0,313,15,298,35.100644149824475,15,25,0.6,95.0
2,3,5.0,60,15,313,15,298,35.100644149824475,15,25,0.6,95.0
2,3,5.0,60,30,313,15,298,35.100644149824475,15,25,0.6,95.0
2,3,5.0,60,60,313,15,298,35.100644149824475,15,25,0.6,95.0
2,3,5.0,60,120,264,12,252,29.68242391193211,12,25,0.48,99.75
2,3,7.5,0,0,624,17,607,71.49694966088408,15,25,0.6,84.0
2,3,7.5,0,15,519,15,504,59.36484782386422,15,25,0.6,84.0
2,3,7.5,0,30,469,15,454,53.475478000068165,15,25,0.6,84.0
2,3,7.5,0,60,406,15,391,46.054872022085135,15,25,0.6,84.0
2,3,7.5,0,120,339,13,326,38.39869125115027,13,25,0.52,95.0
2,3,7.5,5,0,549,15,534,62.89846971814185,15,25,0.6,95.0
2,3,7.5,5,15,494,15,479,56.420162911966194,15,25,0.6,95.0
2,3,7.5,5,30,441,15,426,50.17743089874237,15,25,0.6,95.0
2,3,7.5,5,60,392,15,377,44.40584847142224,15,25,0.6,95.0
2,3,7.5,5,120,329,13,316,37.22081728639106,13,25,0.52,97.0
2,3,7.5,10,0,507,15,492,57.951399066153165,15,25,0.6,95.0
2,3,7.5,10,15,486,15,471,55.477863740158824,15,25,0.6,95.0
2,3,7.5,10,30,425,15,410,48.29283255512764,15,25,0.6,95.0
2,3,7.5,10,60,377,15,362,42.639037524283424,15,25,0.6,95.0
2,3,7.5,10,120,323,13,310,36.51409290753553,13,25,0.52,97.0
2,3,7.5,15,0,476,15,461,54.29998977539961,15,25,0.6,95.0
2,3,7.5,15,15,476,15,461,54.29998977539961,15,25,0.6,95.0
2,3,7.5,15,30,415,15,400,47.114958590368424,15,25,0.6,95.0
2,3,7.5,15,60,369,15,354,41.69673835247606,15,25,0.6,95.0
2,3,7.5,15,120,316,13,303,35.68958113220408,13,25,0.52,97.0
2,3,7.5,20,0,444,15,429,50.530793088170135,15,25,0.6,95.0
2,3,7.5,20,15,444,15,429,50.530793088170135,15,25,0.6,95.0
2,3,7.5,20,30,409,15,394,46.4082342115129,15,25,0.6,95.0
2,3,7.5,20,60,354,15,339,39.92992740533724,15,25,0.6,95.0
2,3,7.5,20,120,308,13,295,34.74728196039671,13,25,0.52,97.0
2,3,7.5,30,0,392,15,377,44.40584847142224,15,25,0.6,95.0
2,3,7.5,30,15,392,15,377,44.40584847142224,15,25,0.6,95.0
2,3,7.5,30,30,392,15,377,44.40584847142224,15,25,0.6,95.0
2,3,7.5,30,60,336,15,321,37.80975426877066,15,25,0.6,95.0
2,3,7.5,30,120,295,13,282,33.21604580620974,13,25,0.52,97.0
2,3,7.5,60,0,310,15,295,34.74728196039671,15,25,0.6,95.0
2,3,7.5,60,15,310,15,295,34.74728196039671,15,25,0.6,95.0
2,3,7.5,60,30,310,15,295,34.74728196039671,15,25,0.6,95.0
2,3,7.5,60,60,310,15,295,34.74728196039671,15,25,0.6,95.0
2,3,7.5,60,120,262,12,250,29.446849118980268,12,25,0.48,99.75
2,3,10.0,0,0,479,16,463,54.535564568351454,15,25,0.6,84.0
2,3,10.0,0,15,407,15,392,46.17265941856106,15,25,0.6,84.0
2,3,10.0,0,30,370,15,355,41.81452574895198,15,25,0.6,84.0
2,3,10.0,0,60,319,15,304,35.80736852868,15,25,0.6,84.0
2,3,10.0,0,120,269,13,256,30.153573497835794,13,25,0.52,95.0
2,3,10.0,5,0,429,15,414,48.76398214103132,15,25,0.6,95.0
2,3,10.0,5,15,391,15,376,44.28806107494632,15,25,0.6,95.0
2,3,10.0,5,30,355,15,340,40.047714801813164,15,25,0.6,95.0
2,3,10.0,5,60,313,15,298,35.100644149824475,15,25,0.6,95.0
2,3,10.0,5,120,262,13,249,29.329061722504346,13,25,0.52,97.0
2,3,10.0,10,0,395,15,380,44.75921066085001,15,25,0.6,95.0
2,3,10.0,10,15,384,15,369,43.463549299614876,15,25,0.6,95.0
2,3,10.0,10,30,339,15,324,38.163116458198424,15,25,0.6,95.0
2,3,10.0,10,60,298,15,283,33.33383320268566,15,25,0.6,95.0
2,3,10.0,10,120,258,13,245,28.85791213660066,13,25,0.52,97.0
2,3,10.0,15,0,377,15,362,42.639037524283424,15,25,0.6,95.0
2,3,10.0,15,15,377,15,362,42.639037524283424,15,25,0.6,95.0
2,3,10.0,15,30,331,15,316,37.22081728639106,15,25,0.6,95.0
2,3,10.0,15,60,291,15,276,32.509321427354216,15,25,0.6,95.0
2,3,10.0,15,120,254,13,241,28.38676255069698,13,25,0.52,97.0
2,3,10.0,20,0,352,15,337,39.6943526123854,15,25,0.6,95.0
2,3,10.0,20,15,352,15,337,39.6943526123854,15,25,0.6,95.0
2,3,10.0,20,30,326,15,311,36.63188030401145,15,25,0.6,95.0
2,3,10.0,20,60,282,15,267,31.449234859070923,15,25,0.6,95.0
2,3,10.0,20,120,250,13,237,27.915612964793294,13,25,0.52,97.0
2,3,10.0,30,0,310,15,295,34.74728196039671,15,25,0.6,95.0
2,3,10.0,30,15,310,15,295,34.74728196039671,15,25,0.6,95.0
2,3,10.0,30,30,310,15,295,34.74728196039671,15,25,0.6,95.0
2,3,10.0,30,60,265,15,250,29.446849118980268,15,25,0.6,95.0
2,3,10.0,30,120,235,13,222,26.14880201765448,13,25,0.52,97.0
2,3,10.0,60,0,245,15,230,27.091101189461845,15,25,0.6,95.0
2,3,10.0,60,15,245,15,230,27.091101189461845,15,25,0.6,95.0
2,3,10.0,60,30,245,15,230,27.091101189461845,15,25,0.6,95.0
2,3,10.0,60,60,245,15,230,27.091101189461845,15,25,0.6,95.0
2,3,10.0,60,120,209,13,196,23.08632970928053,13,25,0.52,97.0
2,3,15.0,0,0,323,16,307,36.160730718107764,15,25,0.6,84.0
2,3,15.0,0,15,271,15,256,30.153573497835794,15,25,0.6,84.0
2,3,15.0,0,30,243,15,228,26.855526396510005,15,25,0.6,84.0
2,3,15.0,0,60,217,15,202,23.793054088136056,15,25,0.6,84.0
2,3,15.0,0,120,186,13,173,20.377219590334345,13,25,0.52,95.0
2,3,15.0,5,0,296,15,281,33.09825840973382,15,25,0.6,95.0
2,3,15.0,5,15,263,15,248,29.211274326028423,15,25,0.6,95.0
2,3,15.0,5,30,241,15,226,26.61995160355816,15,25,0.6,95.0
2,3,15.0,5,60,216,15,201,23.675266691660134,15,25,0.6,95.0
2,3,15.0,5,120,182,13,169,19.90607000443066,13,25,0.52,97.0
2,3,15.0,10,0,270,15,255,30.03578610135987,15,25,0.6,95.0
2,3,15.0,10,15,260,15,245,28.85791213660066,15,25,0.6,95.0
2,3,15.0,10,30,232,15,217,25.55986503527487,15,25,0.6,95.0
2,3,15.0,10,60,206,15,191,22.497392726900923,15,25,0.6,95.0
2,3,15.0,10,120,179,13,166,19.552707815002897,13,25,0.52,97.0
2,3,15.0,15,0,259,15,244,28.74012474012474,15,25,0.6,95.0
2,3,15.0,15,15,259,15,244,28.74012474012474,15,25,0.6,95.0
2,3,15.0,15,30,229,15,214,25.20650284584711,15,25,0.6,95.0
2,3,15.0,15,60,200,15,185,21.790668348045397,15,25,0.6,95.0
2,3,15.0,15,120,178,13,165,19.434920418526975,13,25,0.52,97.0
2,3,15.0,20,0,244,15,229,26.973313792985923,15,25,0.6,95.0
2,3,15.0,20,15,244,15,229,26.973313792985923,15,25,0.6,95.0
2,3,15.0,20,30,226,15,211,24.853140656419345,15,25,0.6,95.0
2,3,15.0,20,60,196,15,181,21.319518762141712,15,25,0.6,95.0
2,3,15.0,20,120,176,13,163,19.199345625575134,13,25,0.52,97.0
2,3,15.0,30,0,217,15,202,23.793054088136056,15,25,0.6,95.0
2,3,15.0,30,15,217,15,202,23.793054088136056,15,25,0.6,95.0
2,3,15.0,30,30,217,15,202,23.793054088136056,15,25,0.6,95.0
2,3,15.0,30,60,185,15,170,20.023857400906582,15,25,0.6,95.0
2,3,15.0,30,120,167,13,154,18.139259057291845,13,25,0.52,97.0
2,3,15.0,60,0,178,15,163,19.199345625575134,15,25,0.6,95.0
2,3,15.0,60,15,178,15,163,19.199345625575134,15,25,0.6,95.0
2,3,15.0,60,30,178,15,163,19.199345625575134,15,25,0.6,95.0
2,3,15.0,60,60,178,15,163,19.199345625575134,15,25,0.6,95.0
2,3,15.0,60,120,154,13,141,16.60802290310487,13,25,0.52,97.0
3,4,0.0,0,0,480,16,464,54.65335196482737,15,25,0.6,84.0
3,4,0.0,0,15,416,15,401,47.23274598684435,15,25,0.6,84.0
3,4,0.0,0,30,375,15,360,42.40346273133159,15,25,0.6,84.0
3,4,0.0,0,60,324,15,309,36.39630551105961,15,25,0.6,84.0
3,4,0.0,0,120,270,13,257,30.271360894311716,13,25,0.52,95.0
3,4,0.0,5,0,454,16,438,51.590879656453424,15,25,0.6,84.0
3,4,0.0,5,15,409,15,394,46.4082342115129,15,25,0.6,84.0
3,4,0.0,5,30,369,15,354,41.69673835247606,15,25,0.6,84.0
3,4,0.0,5,60,320,15,305,35.92515592515593,15,25,0.6,84.0
3,4,0.0,5,120,265,13,252,29.68242391193211,13,25,0.52,95.0
3,4,0.0,10,0,412,15,397,46.76159640094066,15,25,0.6,95.0
3,4,0.0,10,15,398,15,383,45.11257285027777,15,25,0.6,95.0
3,4,0.0,10,30,353,15,338,39.81214000886132,15,25,0.6,95.0
3,4,0.0,10,60,306,15,291,34.27613237449303,15,25,0.6,95.0
3,4,0.0,10,120,260,13,247,29.093486929552505,13,25,0.52,97.0
3,4,0.0,15,0,385,15,370,43.581336696090794,15,25,0.6,95.0
3,4,0.0,15,15,385,15,370,43.581336696090794,15,25,0.6,95.0
3,4,0.0,15,30,340,15,325,38.28090385467435,15,25,0.6,95.0
3,4,0.0,15,60,298,15,283,33.33383320268566,15,25,0.6,95.0
3,4,0.0,15,120,255,13,242,28.504549947172897,13,25,0.52,97.0
3,4,0.0,20,0,368,15,353,41.578950956000135,15,25,0.6,95.0
3,4,0.0,20,15,368,15,353,41.578950956000135,15,25,0.6,95.0
3,4,0.0,20,30,338,15,323,38.045329061722505,15,25,0.6,95.0
3,4,0.0,20,60,291,15,276,32.509321427354216,15,25,0.6,95.0
3,4,0.0,20,120,253,13,240,28.268975154221057,13,25,0.52,97.0
3,4,0.0,30,0,325,15,310,36.51409290753553,15,25,0.6,95.0
3,4,0.0,30,15,325,15,310,36.51409290753553,15,25,0.6,95.0
3,4,0.0,30,30,325,15,310,36.51409290753553,15,25,0.6,95.0
3,4,0.0,30,60,274,15,259,30.506935687263557,15,25,0.6,95.0
3,4,0.0,30,120,240,13,227,26.737739000034082,13,25,0.52,97.0
3,4,0.0,60,0,253,15,238,28.033400361269212,15,25,0.6,95.0
3,4,0.0,60,15,253,15,238,28.033400361269212,15,25,0.6,95.0
3,4,0.0,60,30,253,15,238,28.033400361269212,15,25,0.6,95.0
3,4,0.0,60,60,253,15,238,28.033400361269212,15,25,0.6,95.0
3,4,0.0,60,120,217,13,204,24.028628881087897,13,25,0.52,97.0
3,4,5.0,0,0,480,16,464,54.65335196482737,15,25,0.6,84.0
3,4,5.0,0,15,416,15,401,47.23274598684435,15,25,0.6,84.0
3,4,5.0,0,30,375,15,360,42.40346273133159,15,25,0.6,84.0
3,4,5.0,0,60,324,15,309,36.39630551105961,15,25,0.6,84.0
3,4,5.0,0,120,270,13,257,30.271360894311716,13,25,0.52,95.0
3,4,5.0,5,0,454,16,438,51.590879656453424,15,25,0.6,84.0
3,4,5.0,5,15,409,15,394,46.4082342115129,15,25,0.6,84.0
3,4,5.0,5,30,369,15,354,41.69673835247606,15,25,0.6,84.0
3,4,5.0,5,60,320,15,305,35.92515592515593,15,25,0.6,84.0
3,4,5.0,5,120,265,13,252,29.68242391193211,13,25,0.52,95.0
3,4,5.0,10,0,412,15,397,46.76159640094066,15,25,0.6,95.0
3,4,5.0,10,15,398,15,383,45.11257285027777,15,25,0.6,95.0
3,4,5.0,10,30,353,15,338,39.81214000886132,15,25,0.6,95.0
3,4,5.0,10,60,306,15,291,34.27613237449303,15,25,0.6,95.0
3,4,5.0,10,120,260,13,247,29.093486929552505,13,25,0.52,97.0
3,4,5.0,15,0,385,15,370,43.581336696090794,15,25,0.6,95.0
3,4,5.0,15,15,385,15,370,43.581336696090794,15,25,0.6,95.0
3,4,5.0,15,30,340,15,325,38.28090385467435,15,25,0.6,95.0
3,4,5.0,15,60,298,15,283,33.33383320268566,15,25,0.6,95.0
3,4,5.0,15,120,255,13,242,28.504549947172897,13,25,0.52,97.0
3,4,5.0,20,0,368,15,353,41.578950956000135,15,25,0.6,95.0
3,4,5.0,20,15,368,15,353,41.578950956000135,15,25,0.6,95.0
3,4,5.0,20,30,338,15,323,38.045329061722505,15,25,0.6,95.0
3,4,5.0,20,60,291,15,276,32.509321427354216,15,25,0.6,95.0
3,4,5.0,20,120,253,13,240,28.268975154221057,13,25,0.52,97.0
3,4,5.0,30,0,325,15,310,36.51409290753553,15,25,0.6,95.0
3,4,5.0,30,15,325,15,310,36.51409290753553,15,25,0.6,95.0
3,4,5.0,30,30,325,15,310,36.51409290753553,15,25,0.6,95.0
3,4,5.0,30,60,274,15,259,30.506935687263557,15,25,0.6,95.0
3,4,5.0,30,120,240,13,227,26.737739000034082,13,25,0.52,97.0
3,4,5.0,60,0,253,15,238,28.033400361269212,15,25,0.6,95.0
3,4,5.0,60,15,253,15,238,28.033400361269212,15,25,0.6,95.0
3,4,5.0,60,30,253,15,238,28.033400361269212,15,25,0.6,95.0
3,4,5.0,60,60,253,15,238,28.033400361269212,15,25,0.6,95.0
3,4,5.0,60,120,217,13,204,24.028628881087897,13,25,0.52,97.0
3,4,7.5,0,0,473,16,457,53.82884018949593,15,25,0.6,84.0
3,4,7.5,0,15,409,15,394,46.4082342115129,15,25,0.6,84.0
3,4,7.5,0,30,370,15,355,41.81452574895198,15,25,0.6,84.0
3,4,7.5,0,60,319,15,304,35.80736852868,15,25,0.6,84.0
3,4,7.5,0,120,267,13,254,29.91799870488395,13,25,0.52,95.0
3,4,7.5,5,0,447,16,431,50.76636788112198,15,25,0.6,84.0
3,4,7.5,5,15,402,15,387,45.58372243618145,15,25,0.6,84.0
3,4,7.5,5,30,364,15,349,41.10780137009645,15,25,0.6,84.0
3,4,7.5,5,60,315,15,300,35.33621894277632,15,25,0.6,84.0
3,4,7.5,5,120,262,13,249,29.329061722504346,13,25,0.52,95.0
3,4,7.5,10,0,405,15,390,45.93708462560922,15,25,0.6,95.0
3,4,7.5,10,15,391,15,376,44.28806107494632,15,25,0.6,95.0
3,4,7.5,10,30,348,15,333,39.22320302648171,15,25,0.6,95.0
3,4,7.5,10,60,301,15,286,33.68719539211342,15,25,0.6,95.0
3,4,7.5,10,120,257,13,244,28.74012474012474,13,25,0.52,97.0
3,4,7.5,15,0,379,15,364,42.87461231723527,15,25,0.6,95.0
3,4,7.5,15,15,379,15,364,42.87461231723527,15,25,0.6,95.0
3,4,7.5,15,30,335,15,320,37.69196687229474,15,25,0.6,95.0
3,4,7.5,15,60,293,15,278,32.74489622030605,15,25,0.6,95.0
3,4,7.5,15,120,252,13,239,28.151187757745134,13,25,0.52,97.0
3,4,7.5,20,0,362,15,347,40.87222657714461,15,25,0.6,95.0
3,4,7.5,20,15,362,15,347,40.87222657714461,15,25,0.6,95.0
3,4,7.5,20,30,333,15,318,37.4563920793429,15,25,0.6,95.0
3,4,7.5,20,60,286,15,271,31.92038444497461,15,25,0.6,95.0
3,4,7.5,20,120,250,13,237,27.915612964793294,13,25,0.52,97.0
3,4,7.5,30,0,320,15,305,35.92515592515593,15,25,0.6,95.0
3,4,7.5,30,15,320,15,305,35.92515592515593,15,25,0.6,95.0
3,4,7.5,30,30,320,15,305,35.92515592515593,15,25,0.6,95.0
3,4,7.5,30,60,269,15,254,29.91799870488395,15,25,0.6,95.0
3,4,7.5,30,120,238,13,225,26.50216420708224,13,25,0.52,97.0
3,4,7.5,60,0,248,15,233,27.44446337888961,15,25,0.6,95.0
3,4,7.5,60,15,248,15,233,27.44446337888961,15,25,0.6,95.0
3,4,7.5,60,30,248,15,233,27.44446337888961,15,25,0.6,95.0
3,4,7.5,60,60,248,15,233,27.44446337888961,15,25,0.6,95.0
3,4,7.5,60,120,215,13,202,23.793054088136056,13,25,0.52,97.0
3,4,10.0,0,0,380,16,364,42.87461231723527,15,25,0.6,84.0
3,4,10.0,0,15,327,15,312,36.74966770048737,15,25,0.6,84.0
3,4,10.0,0,30,295,15,280,32.9804710132579,15,25,0.6,84.0
3,4,10.0,0,60,257,15,242,28.504549947172897,15,25,0.6,84.0
3,4,10.0,0,120,222,13,209,24.617565863467505,13,25,0.52,95.0
3,4,10.0,5,0,360,16,344,40.518864387716846,15,25,0.6,84.0
3,4,10.0,5,15,320,15,305,35.92515592515593,15,25,0.6,84.0
3,4,10.0,5,30,290,15,275,32.39153403087829,15,25,0.6,84.0
3,4,10.0,5,60,252,15,237,27.915612964793294,15,25,0.6,84.0
3,4,10.0,5,120,215,13,202,23.793054088136056,13,25,0.52,95.0
3,4,10.0,10,0,322,15,307,36.160730718107764,15,25,0.6,95.0
3,4,10.0,10,15,309,15,294,34.629494563920794,15,25,0.6,95.0
3,4,10.0,10,30,276,15,261,30.742510480215397,15,25,0.6,95.0
3,4,10.0,10,60,243,15,228,26.855526396510005,15,25,0.6,95.0
3,4,10.0,10,120,209,13,196,23.08632970928053,13,25,0.52,97.0
3,4,10.0,15,0,298,15,283,33.33383320268566,15,25,0.6,95.0
3,4,10.0,15,15,298,15,283,33.33383320268566,15,25,0.6,95.0
3,4,10.0,15,30,265,15,250,29.446849118980268,15,25,0.6,95.0
3,4,10.0,15,60,235,15,220,25.913227224702634,15,25,0.6,95.0
3,4,10.0,15,120,205,13,192,22.615180123376845,13,25,0.52,97.0
3,4,10.0,20,0,286,15,271,31.92038444497461,15,25,0.6,95.0
3,4,10.0,20,15,286,15,271,31.92038444497461,15,25,0.6,95.0
3,4,10.0,20,30,263,15,248,29.211274326028423,15,25,0.6,95.0
3,4,10.0,20,60,230,15,215,25.32429024232303,15,25,0.6,95.0
3,4,10.0,20,120,203,13,190,22.379605330425004,13,25,0.52,97.0
3,4,10.0,30,0,255,15,240,28.268975154221057,15,25,0.6,95.0
3,4,10.0,30,15,255,15,240,28.268975154221057,15,25,0.6,95.0
3,4,10.0,30,30,255,15,240,28.268975154221057,15,25,0.6,95.0
3,4,10.0,30,60,216,15,201,23.675266691660134,15,25,0.6,95.0
3,4,10.0,30,120,193,13,180,21.201731365665793,13,25,0.52,97.0
3,4,10.0,60,0,201,15,186,21.90845574452132,15,25,0.6,95.0
3,4,10.0,60,15,201,15,186,21.90845574452132,15,25,0.6,95.0
3,4,10.0,60,30,201,15,186,21.90845574452132,15,25,0.6,95.0
3,4,10.0,60,60,201,15,186,21.90845574452132,15,25,0.6,95.0
3,4,10.0,60,120,177,13,164,19.317133022051056,13,25,0.52,97.0
3,4,15.0,0,0,280,16,264,31.09587266964316,15,25,0.6,84.0
3,4,15.0,0,15,242,15,227,26.737739000034082,15,25,0.6,84.0
3,4,15.0,0,30,218,15,203,23.910841484611975,15,25,0.6,84.0
3,4,15.0,0,60,196,15,181,21.319518762141712,15,25,0.6,84.0
3,4,15.0,0,120,167,13,154,18.139259057291845,13,25,0.52,95.0
3,4,15.0,5,0,268,16,252,29.68242391193211,15,25,0.6,84.0
3,4,15.0,5,15,237,15,222,26.14880201765448,15,25,0.6,84.0
3,4,15.0,5,30,214,15,199,23.439691898708293,15,25,0.6,84.0
3,4,15.0,5,60,191,15,176,20.730581779762108,15,25,0.6,84.0
3,4,15.0,5,120,162,13,149,17.550322074912238,13,25,0.52,95.0
3,4,15.0,10,0,241,15,226,26.61995160355816,15,25,0.6,95.0
3,4,15.0,10,15,230,15,215,25.32429024232303,15,25,0.6,95.0
3,4,15.0,10,30,205,15,190,22.379605330425004,15,25,0.6,95.0
3,4,15.0,10,60,184,15,169,19.90607000443066,15,25,0.6,95.0
3,4,15.0,10,120,159,13,146,17.196959885484475,13,25,0.52,97.0
3,4,15.0,15,0,224,15,209,24.617565863467505,15,25,0.6,95.0
3,4,15.0,15,15,224,15,209,24.617565863467505,15,25,0.6,95.0
3,4,15.0,15,30,200,15,185,21.790668348045397,15,25,0.6,95.0
3,4,15.0,15,60,178,15,163,19.199345625575134,15,25,0.6,95.0
3,4,15.0,15,120,155,13,142,16.725810299580793,13,25,0.52,97.0
3,4,15.0,20,0,218,15,203,23.910841484611975,15,25,0.6,95.0
3,4,15.0,20,15,218,15,203,23.910841484611975,15,25,0.6,95.0
3,4,15.0,20,30,200,15,185,21.790668348045397,15,25,0.6,95.0
3,4,15.0,20,60,175,15,160,18.84598343614737,15,25,0.6,95.0
3,4,15.0,20,120,155,13,142,16.725810299580793,13,25,0.52,97.0
3,4,15.0,30,0,195,15,180,21.201731365665793,15,25,0.6,95.0
3,4,15.0,30,15,195,15,180,21.201731365665793,15,25,0.6,95.0
3,4,15.0,30,30,195,15,180,21.201731365665793,15,25,0.6,95.0
3,4,15.0,30,60,166,15,151,17.785896867864082,15,25,0.6,95.0
3,4,15.0,30,120,147,13,134,15.783511127773423,13,25,0.52,97.0
3,4,15.0,60,0,158,15,143,16.84359769605671,15,25,0.6,95.0
3,4,15.0,60,15,158,15,143,16.84359769605671,15,25,0.6,95.0
3,4,15.0,60,30,158,15,143,16.84359769605671,15,25,0.6,95.0
3,4,15.0,60,60,158,15,143,16.84359769605671,15,25,0.6,95.0
3,4,15.0,60,120,138,13,125,14.723424559490134,13,25,0.52,97.0
