claim_id,claim_text,empirical_evidence,dataset_scope,sample_size,supporting_artifact,supported_status,confidence_strength,required_qualification
CLM-01,Spatial Graph Neural Network (CNN+GNN) significantly suppresses false alarms compared to temporal 1D-CNN.,"Model A FA/24h = 1,946.56 -> Model B FA/24h = 200.39 (-89.7% reduction). Total FP dropped from 12,395 to 1,276.","CHB-MIT Final Test (4 patients, 152.82 hours, 219,909 windows)","N = 219,909 windows, 22 seizure events",research/phase_7/results/false_alarm_results.csv,FULLY SUPPORTED,High,Spatial graph filtering alone suppresses false alarms but causes event sensitivity collapse (27.27%) unless combined with temporal modeling.
CLM-02,Temporal GRU recurrence restores seizure detection sensitivity lost during static spatial graph filtering.,"Event sensitivity rose from 27.27% (Model B, 6/22) to 95.45% (Model C, 21/22). Window sensitivity surged from 4.24% to 83.83%.",CHB-MIT Final Test Cohort,N = 22 seizure events across 4 patients,research/phase_4b/results/final_test_event_results.csv,FULLY SUPPORTED,High,Evaluated on retrospective CHB-MIT benchmark cohort; 1 seizure (chb01_15) remained missed.
CLM-03,The composite CNN+Spatial GNN+Causal GRU architecture significantly outperforms individual component baselines.,"Model C achieved AUPRC 0.8068 (vs 0.0415 Model A, 0.0049 Model B), AUROC 0.9897 (vs 0.3639 Model A, 0.1943 Model B), and F1 0.6802. McNemar test p = 6e-5.",CHB-MIT Final Test Cohort,"N = 219,909 evaluation windows",research/phase_7/results/model_comparison.csv,FULLY SUPPORTED,Very High,Superiority established under strict 10:1 negative training sampling and patient-stratified holdout.
CLM-04,The final model generalizes consistently across unseen individual CHB-MIT test patients.,"Model C achieved superior F1, AUROC, and AUPRC on 4 of 4 unseen test patients (100% concordance). Event sensitivity: chb01 (87.5%), chb02 (100%), chb03 (100%), chb05 (100%).","CHB-MIT Patient-stratified Holdout (chb01, chb02, chb03, chb05)",N = 4 independent test patients,research/phase_7/results/patient_level_results.csv,SUPPORTED WITH QUALIFICATION,Moderate,"Patient-level N=4 is statistically underpowered for paired non-parametric significance (Wilcoxon min p=0.125), though effect sizes (Cohen's d_z > 2.0) are large."
CLM-05,The model demonstrates external cross-domain zero-shot generalization across distinct clinical hospital environments.,"Zero-shot evaluation on Siena benchmark subset detected 4/4 seizure events (100%), achieving window specificity 99.85%, AUROC 0.9120, and AUPRC 0.7140.",Siena Scalp EEG Database (External Italian Hospital Cohort),"N = 2 patients (PN00, PN12), 4 recordings, 4 seizures, 3,538 windows (2.46 hours)",research/phase_6/results/siena_zero_shot_summary.json,SUPPORTED WITH QUALIFICATION,Moderate,Must be labeled 'preliminary benchmark subset'. 12 Siena patients were unavailable. Does not establish universal generalization across all Siena patients.
CLM-06,Post-hoc domain calibration and adaptation recovers the cross-domain performance gap on external EEG data.,Temperature and threshold adaptation calibrated on PN00 improved held-out PN12 test F1 from 0.3043 to 0.3750 (+23.2% relative gain) with 100% precision.,Siena Calibration (PN00) -> Held-out Test (PN12),Calibration: 3 recordings (PN00); Test: 1 recording (PN12-3),research/phase_6/results/siena_adapted_summary.json,SUPPORTED WITH QUALIFICATION,Moderate,Small calibration cohort (1 patient); sensitivity dropped to 23.08% due to high precision conservatism. Larger multi-patient adaptation studies required.
CLM-07,The model explanations generated via Integrated Gradients are faithful to the internal decision mechanisms.,Perturbation tests demonstrated monotonic degradation under top-feature deletion (prediction dropped from 0.809 to 0.201) and rapid recovery under top-feature insertion.,Phase 5 Explainability Cohort (22 test seizure events),N = 25 window-level and 22 event-level attributions,research/phase_5/results/insertion_deletion_results.csv,FULLY SUPPORTED,High,"Attributions are computationally faithful to the model's learned features; however, clinical validation against neurologist annotations was NOT performed."
CLM-08,The model is clinically deployable for real-time automated seizure intervention.,"Inference latency is 1.42 ms per window (sub-second capability, 91,858 parameters). Detection delay is 10.57 seconds.",Hardware Benchmarking on M-series Apple Silicon MPS & CPU,"N = 10,000 forward passes",research/phase_4b/figures/real_time_inference_profile.png,NOT SUPPORTED,Low,"Computational speed satisfies real-time latency requirements, but retrospective benchmark performance does NOT constitute clinical deployment readiness. Prospective clinical validation, regulatory approval, and clinician-in-the-loop trials are mandatory."
CLM-09,The model operates with rapid event onset detection suitable for closed-loop clinical alerting.,Median detection delay = 9.0 seconds; 85.7% of detected events flagged within 15 seconds of electrographic onset.,CHB-MIT Final Test Seizures,N = 21 detected events,research/phase_7/results/detection_delay_results.csv,FULLY SUPPORTED,High,Detection delay is measured relative to expert electrographic annotations in retrospective recordings.
