time,bandpass
2993.0,-10.053485996791668
2993.00390625,-10.187151864582669
2993.0078125,-10.513443545179832
2993.01171875,-11.080130353698033
2993.015625,-11.813264914489354
2993.01953125,-12.683251280143692
2993.0234375,-13.864226358871516
2993.02734375,-15.73497724591456
2993.03125,-18.609485442661267
2993.03515625,-22.269954321664223
2993.0390625,-25.69184145827958
2993.04296875,-27.388246173361974
2993.046875,-26.307384222302023
2993.05078125,-22.63293061599031
2993.0546875,-17.824120030908595
2993.05859375,-13.843000723773933
2993.0625,-12.134216003581846
2993.06640625,-12.991458280878275
2993.0703125,-15.568507117054164
2993.07421875,-18.450873771293416
2993.078125,-20.5236042917057
2993.08203125,-21.666753706129395
2993.0859375,-22.747828425824444
2993.08984375,-24.820881083731553
2993.09375,-28.12504767497129
2993.09765625,-31.688436281685117
2993.1015625,-33.87490402708225
2993.10546875,-33.49271962968891
2993.109375,-30.638230319647093
2993.11328125,-26.61431883099864
2993.1171875,-23.000117805180388
2993.12109375,-20.657414597640987
2993.125,-19.46397631069098
2993.12890625,-18.847937444164145
2993.1328125,-18.45570620523977
2993.13671875,-18.27806260970765
2993.140625,-18.307058362379024
2993.14453125,-18.386799965339918
2993.1484375,-18.550509552310913
2993.15234375,-19.309586823582972
2993.15625,-21.27903383221965
2993.16015625,-24.350847400160625
2993.1640625,-27.291888639088107
2993.16796875,-28.333968096626204
2993.171875,-26.387321795457567
2993.17578125,-21.894045464542273
2993.1796875,-16.620329230036095
2993.18359375,-12.568671747876088
2993.1875,-10.843110989988617
2993.19140625,-11.21190571603896
2993.1953125,-12.490201591665105
2993.19921875,-13.289662377245982
2993.203125,-12.607984613010604
2993.20703125,-10.106066962879645
2993.2109375,-6.1907567206653304
2993.21484375,-1.8722242307579329
2993.21875,1.7609638794418752
2993.22265625,4.2564655069792305
2993.2265625,6.08316361563519
2993.23046875,8.093329059219485
2993.234375,10.578028184985573
2993.23828125,12.808371689084444
2993.2421875,13.497376592146379
2993.24609375,11.74501164179155
2993.25,7.6919445742748085
2993.25390625,2.4901198477789013
2993.2578125,-2.283006025091886
2993.26171875,-5.4014419719359426
2993.265625,-6.565331522799949
2993.26953125,-6.475448174008096
2993.2734375,-6.372783090841947
2993.27734375,-7.308032447998624
2993.28125,-9.516718364211092
2993.28515625,-12.205559457625245
2993.2890625,-13.908852089679282
2993.29296875,-13.300176441297083
2993.296875,-9.985058108223694
2993.30078125,-4.712067843157975
2993.3046875,1.1302737012860753
2993.30859375,6.2726109233851695
2993.3125,10.002619719218009
2993.31640625,12.160179992565634
2993.3203125,12.998558876718658
2993.32421875,13.104809461749275
2993.328125,13.208432474313913
2993.33203125,13.75569539749912
2993.3359375,14.557174757967907
2993.33984375,14.942763080188247
2993.34375,14.412085061370734
2993.34765625,13.248051361388356
2993.3515625,12.511932210771738
2993.35546875,13.315410170534445
2993.359375,15.913924689815435
2993.36328125,19.431528911557585
2993.3671875,22.539114788115
2993.37109375,24.50641326586199
2993.375,25.646679578548074
2993.37890625,26.768471425317927
2993.3828125,28.25732089203519
2993.38671875,29.725594518198246
2993.390625,30.433576759425257
2993.39453125,29.82369633087271
2993.3984375,27.60029623072972
2993.40234375,23.571597114487535
2993.40625,17.776861648965177
2993.41015625,10.895873034512617
2993.4140625,4.384787548588266
2993.41796875,-0.07686494751353679
2993.421875,-1.5592338781559683
2993.42578125,-0.4935701295282615
2993.4296875,1.6350608820633332
2993.43359375,3.287279468837192
2993.4375,3.7717863996339123
2993.44140625,3.414632289245916
2993.4453125,2.9953220314846205
2993.44921875,3.0022969334473975
2993.453125,3.288078643579534
2993.45703125,3.2259956373077676
2993.4609375,2.0654508802107654
2993.46484375,-0.7133493674946627
2993.46875,-5.011539587662512
2993.47265625,-9.817998439858833
2993.4765625,-13.410422513136819
2993.48046875,-14.203794487171024
2993.484375,-11.726156206776366
2993.48828125,-6.919938978283178
2993.4921875,-1.5219814110095395
2993.49609375,2.9229688734946357
2993.5,5.692138273772754
2993.50390625,6.9228474142300325
2993.5078125,7.262746263761062
2993.51171875,7.381412055039317
2993.515625,7.529392661536482
2993.51953125,7.349519064524703
2993.5234375,6.081311972624909
2993.52734375,3.0904725597855993
2993.53125,-1.5417906120142884
2993.53515625,-6.733171324616892
2993.5390625,-10.727385589840635
2993.54296875,-11.997917145936732
2993.546875,-10.16709503646441
2993.55078125,-6.212272573703667
2993.5546875,-1.7715209465295296
2993.55859375,1.8586224349538591
2993.5625,4.258946146503184
2993.56640625,5.753176555761247
2993.5703125,6.988902120385331
2993.57421875,8.58564454066132
2993.578125,10.827790240378738
2993.58203125,13.351713292441914
2993.5859375,15.095049008231209
2993.58984375,14.808438119656486
2993.59375,11.95425160473842
2993.59765625,7.34619784327853
2993.6015625,2.9426523125657402
2993.60546875,0.7910001869525001
2993.609375,1.7994413321848688
2993.61328125,5.233460436232046
2993.6171875,9.322685273179024
2993.62109375,12.47876848597337
2993.625,14.151295585394017
2993.62890625,14.754108528843464
2993.6328125,14.984986694838785
2993.63671875,15.29796347350246
2993.640625,15.840690814241555
2993.64453125,16.521893686164976
2993.6484375,16.92130519775042
2993.65234375,16.301473429664497
2993.65625,14.074460112252645
2993.66015625,10.49379167173317
2993.6640625,6.877173735937374
2993.66796875,4.961104083647546
2993.671875,5.775518680306524
2993.67578125,8.912790707246598
2993.6796875,12.75577676953721
2993.68359375,15.435070435425766
2993.6875,15.783839213679911
2993.69140625,13.718934601000898
2993.6953125,10.001020510266912
2993.69921875,5.72369927015854
2993.703125,1.8670224279531098
2993.70703125,-1.0435874330702193
2993.7109375,-3.219185760587349
2993.71484375,-5.597902604873447
2993.71875,-9.23373053052514
2993.72265625,-14.325508817833562
2993.7265625,-19.739670784605643
2993.73046875,-23.640401057959195
2993.734375,-24.819517919625568
2993.73828125,-23.60802384566904
2993.7421875,-21.63852809643265
2993.74609375,-20.75996334211233
2993.75,-22.004791345305296
2993.75390625,-25.23821902983912
2993.7578125,-29.490642903961156
2993.76171875,-33.601941986990695
2993.765625,-36.77408768241183
2993.76953125,-38.78976024659878
2993.7734375,-39.91602023949121
2993.77734375,-40.666367426054464
2993.78125,-41.50146464556592
2993.78515625,-42.47701399108701
2993.7890625,-43.033645093974016
2993.79296875,-42.238035683214356
2993.796875,-39.45258529516596
2993.80078125,-34.941302181565725
2993.8046875,-29.907951951071933
2993.80859375,-25.932893379398617
2993.8125,-24.1998090651431
2993.81640625,-24.925859117356314
2993.8203125,-27.205199915634296
2993.82421875,-29.368242473277252
2993.828125,-29.859205696925734
2993.83203125,-28.25239227820228
2993.8359375,-25.640418809804146
2993.83984375,-23.913427809829194
2993.84375,-24.35742138017913
2993.84765625,-26.627452924639083
2993.8515625,-28.89515054790634
2993.85546875,-29.093286473719413
2993.859375,-26.34530390143468
2993.86328125,-21.497948812970407
2993.8671875,-16.391494996485868
2993.87109375,-12.538096485819521
2993.875,-10.28270759234813
2993.87890625,-8.963261697440771
2993.8828125,-7.675563002898436
2993.88671875,-5.875639236655518
2993.890625,-3.4972505612191966
2993.89453125,-0.8597268798964457
2993.8984375,1.3808309542537511
2993.90234375,2.4033850507815
2993.90625,1.6976251631469914
2993.91015625,-0.43560448466547896
2993.9140625,-2.8798420839045384
2993.91796875,-4.352838815532397
2993.921875,-4.251332163105323
2993.92578125,-2.991797244581713
2993.9296875,-1.5681560974240671
2993.93359375,-0.7255432623250453
2993.9375,-0.4217575229853239
2993.94140625,0.061465599045137154
2993.9453125,1.5277815391997418
2993.94921875,4.30078679404552
2993.953125,8.073260653405855
2993.95703125,12.09706658133986
2993.9609375,15.378191070784125
2993.96484375,16.829311838825255
2993.96875,15.661089310942199
2993.97265625,12.015843120162447
2993.9765625,7.281380240451237
2993.98046875,3.5449531450795515
2993.984375,2.3975857128836555
2993.98828125,3.9683147586967564
2993.9921875,6.928620257459441
2993.99609375,9.422933906067852
2994.0,10.21864184789386
2994.00390625,9.328763940280414
2994.0078125,7.792716887214175
2994.01171875,6.822272246644906
2994.015625,6.901654084456654
2994.01953125,7.4683227916894
2994.0234375,7.3689337907631565
2994.02734375,5.703648410517809
2994.03125,2.465437705152479
2994.03515625,-1.387921448623386
2994.0390625,-4.449049881209872
2994.04296875,-5.688306916441494
2994.046875,-5.0905508237863595
2994.05078125,-3.638055887437256
2994.0546875,-2.631043783697674
2994.05859375,-2.8827581611042135
2994.0625,-4.388096272895455
2994.06640625,-6.545786927790241
2994.0703125,-8.533846355147997
2994.07421875,-9.559255410839558
2994.078125,-9.103420817794067
2994.08203125,-7.254455231802849
2994.0859375,-4.826607607513578
2994.08984375,-2.9383061022051664
2994.09375,-2.2215401158451775
2994.09765625,-2.271209780425639
2994.1015625,-1.8464328391955176
2994.10546875,0.2149674828160828
2994.109375,4.0122072514820015
2994.11328125,8.319401437054426
2994.1171875,11.300339737743998
2994.12109375,11.663514997652145
2994.125,9.392374102067906
2994.12890625,5.591815545537729
2994.1328125,1.7424034235102681
2994.13671875,-0.9707276234756625
2994.140625,-1.934767779116577
2994.14453125,-1.197157235035978
2994.1484375,0.4803107053164033
2994.15234375,1.8513042462639948
2994.15625,1.8848421618104867
2994.16015625,0.5409079098916951
2994.1640625,-1.082746912308314
2994.16796875,-1.5064002664593508
2994.171875,-0.004193915920662761
2994.17578125,2.796956054766855
2994.1796875,5.353866700297896
2994.18359375,6.327417515234174
2994.1875,5.522061114950398
2994.19140625,3.9606396150120005
2994.1953125,3.0774988969307913
2994.19921875,3.6876693086667194
2994.203125,5.517680768125052
2994.20703125,7.515733203823989
2994.2109375,8.521383445705272
2994.21484375,7.8222921372325205
2994.21875,5.45872960446739
2994.22265625,2.2727514720683106
2994.2265625,-0.39051181375410204
2994.23046875,-1.3327870081511355
2994.234375,-0.1775335850811386
2994.23828125,2.40580961136783
2994.2421875,5.10431162929843
2994.24609375,6.708667127383972
2994.25,6.755163425941033
2994.25390625,5.768205725762658
2994.2578125,4.992330770232253
2994.26171875,5.641619896862958
2994.265625,7.97520089551975
2994.26953125,10.812438399953976
2994.2734375,11.98372681668887
2994.27734375,9.599798441364307
2994.28125,3.4016315474456063
2994.28515625,-4.71603075227943
2994.2890625,-11.510847688988337
2994.29296875,-14.181251661393668
2994.296875,-11.980893959050421
2994.30078125,-6.491586468285034
2994.3046875,-0.39075223150107874
2994.30859375,4.261102309576203
2994.3125,6.931269090222463
2994.31640625,8.309040938042951
2994.3203125,9.40415181062418
2994.32421875,10.865850307969515
2994.328125,12.766838906852486
2994.33203125,14.647676216291071
2994.3359375,15.715404276729387
2994.33984375,15.277351109404382
2994.34375,13.325407094188629
2994.34765625,10.869866068848475
2994.3515625,9.599398433842781
2994.35546875,10.86722941500173
2994.359375,14.621001455162741
2994.36328125,19.159053243515917
2994.3671875,22.0945033993212
2994.37109375,21.927077332275772
2994.375,19.0403457853374
2994.37890625,15.368113518878898
2994.3828125,13.070189849281876
2994.38671875,13.279105110067295
2994.390625,15.669132501610465
2994.39453125,18.79743371981536
2994.3984375,20.83120122623196
2994.40234375,20.424958077076603
2994.40625,17.5019167130878
2994.41015625,13.473716671191035
2994.4140625,10.557471924747876
2994.41796875,10.47437274294603
2994.421875,13.403995533548763
2994.42578125,17.981651003758596
2994.4296875,22.320773194869865
2994.43359375,25.23602714430811
2994.4375,26.777422877460065
2994.44140625,27.82535444358907
2994.4453125,29.224388646427656
2994.44921875,31.204337091252032
2994.453125,33.45825864948828
2994.45703125,35.55778235752599
2994.4609375,37.14442796170411
2994.46484375,37.82567668519011
2994.46875,37.20839178403938
2994.47265625,35.275982327047984
2994.4765625,32.699914364913155
2994.48046875,30.585283757668506
2994.484375,29.75537732595332
2994.48828125,30.214164462071963
2994.4921875,31.2450959637676
2994.49609375,31.97404395937254
2994.5,31.87951316938478
2994.50390625,30.93596034639948
2994.5078125,29.424591481647127
2994.51171875,27.586323010759525
2994.515625,25.329844263522347
2994.51953125,22.229888616292193
2994.5234375,17.87344832858097
2994.52734375,12.300439700266214
2994.53125,6.202889942730648
2994.53515625,0.7313072645056273
2994.5390625,-3.038117262798286
2994.54296875,-4.729145219371436
2994.546875,-4.968746368458607
2994.55078125,-5.073564807959826
2994.5546875,-6.294898134537924
2994.55859375,-9.175773182568264
2994.5625,-13.43653741549382
2994.56640625,-18.28578412338172
2994.5703125,-22.742319543641784
2994.57421875,-25.81869638326373
2994.578125,-26.821658900622214
2994.58203125,-25.86832523567899
2994.5859375,-24.163696885323976
2994.58984375,-23.505011307000437
2994.59375,-25.13642212688577
2994.59765625,-28.771222747866894
2994.6015625,-32.60439066503339
2994.60546875,-34.42991140439069
2994.609375,-33.10682980483591
2994.61328125,-29.286949331437327
2994.6171875,-24.871755698118868
2994.62109375,-21.68897574557298
2994.625,-20.45916660182048
2994.62890625,-20.736043146578652
2994.6328125,-21.56592807863774
2994.63671875,-22.09940145615321
2994.640625,-21.790811001036985
2994.64453125,-20.484016445228644
2994.6484375,-18.649508926128743
2994.65234375,-17.455832885628404
2994.65625,-18.22668446802658
2994.66015625,-21.458821992257263
2994.6640625,-26.19077853270002
2994.66796875,-30.378189773276002
2994.671875,-32.128956191244264
2994.67578125,-30.905364187755612
2994.6796875,-27.793133064628247
2994.68359375,-24.663513596517806
2994.6875,-22.8689643639396
2994.69140625,-22.40381508318502
2994.6953125,-22.069981095880372
2994.69921875,-20.419019625343154
2994.703125,-16.73272388298371
2994.70703125,-11.465541123691894
2994.7109375,-6.057048640717905
2994.71484375,-2.2701980951121605
2994.71875,-1.2754701184402695
2994.72265625,-2.8996745840062434
2994.7265625,-5.59619365806932
2994.73046875,-7.331485011857206
2994.734375,-6.847674573641829
2994.73828125,-4.375115400656954
2994.7421875,-1.2992698098926863
2994.74609375,0.8725243852682004
2994.75,1.4579616467657155
2994.75390625,0.9059746605110828
2994.7578125,0.4041372104661711
2994.76171875,1.080277098390889
2994.765625,3.2494893252148938
2994.76953125,6.137577767513424
2994.7734375,8.251330725890423
2994.77734375,8.189868902148476
2994.78125,5.470471335995315
2994.78515625,0.9366941106545656
2994.7890625,-3.5497918206466395
2994.79296875,-6.084165952967414
2994.796875,-5.794044815120767
2994.80078125,-3.2410971109412743
2994.8046875,0.14186529273211335
2994.80859375,3.0679197896885384
2994.8125,5.055550824053113
2994.81640625,6.395200283392128
2994.8203125,7.720996193566261
2994.82421875,9.573103060054434
2994.828125,12.0299263954454
2994.83203125,14.445277415778659
2994.8359375,15.571783174314774
2994.83984375,14.271448747588796
2994.84375,10.455489821236169
2994.84765625,5.492563438047188
2994.8515625,1.6056213060382971
2994.85546875,0.5546994980918782
2994.859375,2.539248171828162
2994.86328125,6.174216341771588
2994.8671875,9.562013269572343
2994.87109375,11.585395252587144
2994.875,12.410160896024333
2994.87890625,12.932131086630836
2994.8828125,13.834290137516316
2994.88671875,15.149045963104136
2994.890625,16.524153162480445
2994.89453125,17.60057142494366
2994.8984375,18.001086007657143
2994.90234375,17.170583343076693
2994.90625,14.600159676163596
2994.91015625,10.440692981831564
2994.9140625,5.909020416599037
2994.91796875,2.9326604669248386
2994.921875,3.1105893918756617
2994.92578125,6.6947413364452775
2994.9296875,12.35794791741114
2994.93359375,17.951206185606136
2994.9375,21.743757709659178
2994.94140625,23.316743424953124
2994.9453125,23.555538979990907
2994.94921875,23.864135412742705
2994.953125,25.23950729847752
2994.95703125,27.755917286919267
2994.9609375,30.60038639427838
2994.96484375,32.58513290071966
2994.96875,32.961708662975724
2994.97265625,32.10195242839835
2994.9765625,31.471455584921916
2994.98046875,32.737383098850266
2994.984375,36.60585356636032
2994.98828125,42.302046271162034
2994.9921875,48.0756547892384
2994.99609375,52.260789035362556
2995.0,54.10418211997202
2995.00390625,53.93975879469506
2995.0078125,52.761052027184355
2995.01171875,51.47361097418225
2995.015625,50.23116475474039
2995.01953125,48.2904116044779
2995.0234375,44.54316209487358
2995.02734375,38.40026626426953
2995.03125,30.44176721013941
2995.03515625,22.39546661107356
2995.0390625,16.39289295026277
2995.04296875,13.894759013102457
2995.046875,14.971125140701586
2995.05078125,18.453224343641175
2995.0546875,22.81672513150516
2995.05859375,27.054166293205725
2995.0625,30.882477280446373
2995.06640625,34.35409035285414
2995.0703125,37.481552918752115
2995.07421875,40.224965814860845
2995.078125,42.575439210747945
2995.08203125,44.403860873820335
2995.0859375,45.25202066053575
2995.08984375,44.4940292264362
2995.09375,41.91246947873326
2995.09765625,38.212006240439536
2995.1015625,34.91298356140344
2995.10546875,33.52531510639501
2995.109375,34.55076088032213
2995.11328125,37.117855805977285
2995.1171875,39.57833923804036
2995.12109375,40.56468949058324
2995.125,39.62939129587351
2995.12890625,37.048990619538365
2995.1328125,33.22355882586844
2995.13671875,28.414835484683948
2995.140625,22.9687876505115
2995.14453125,17.452125130198976
2995.1484375,12.299445618799771
2995.15234375,7.362530707521735
2995.15625,2.027691584091249
2995.16015625,-4.060045556549618
2995.1640625,-10.368386080241208
2995.16796875,-15.643113699304841
2995.171875,-18.808277472294606
2995.17578125,-19.826696464667375
2995.1796875,-19.813504957475814
2995.18359375,-20.395211740722978
2995.1875,-22.87011140132408
2995.19140625,-27.727804941229785
2995.1953125,-34.696381271387054
2995.19921875,-43.08491007428852
2995.203125,-52.1153676689668
2995.20703125,-61.19233160267767
2995.2109375,-70.16823065128274
2995.21484375,-79.38968678898846
2995.21875,-89.19796937577178
2995.22265625,-99.0709590097721
2995.2265625,-107.20325867298565
2995.23046875,-111.14518939639575
2995.234375,-109.18124273014851
2995.23828125,-101.39273142563304
2995.2421875,-89.59507021703911
2995.24609375,-76.27487904581648
2995.25,-63.32812835163444
2995.25390625,-51.34379070912027
2995.2578125,-39.72677825257827
2995.26171875,-27.52426497302391
2995.265625,-14.459236425571758
2995.26953125,-1.4907110313711769
2995.2734375,9.511407442873654
2995.27734375,16.772799399589537
2995.28125,19.64115609532222
2995.28515625,18.961005612991265
2995.2890625,16.494374492466015
2995.29296875,13.688361568970606
2995.296875,10.636248993793997
2995.30078125,6.061301927511717
2995.3046875,-1.6184985402299787
2995.30859375,-13.008054056317448
2995.3125,-27.25031081748739
2995.31640625,-42.56260246227128
2995.3203125,-57.15797753758324
2995.32421875,-69.87378800521756
2995.328125,-80.3993889741729
2995.33203125,-89.30065257831157
2995.3359375,-97.83257528224891
2995.33984375,-107.36101453235835
2995.34375,-118.46926291452885
2995.34765625,-130.25849298642578
2995.3515625,-140.46277271883793
2995.35546875,-146.5398521249701
2995.359375,-147.13743282800374
2995.36328125,-142.91876535975402
2995.3671875,-136.11303883905836
2995.37109375,-129.11796685771276
2995.375,-123.24448014862442
2995.37890625,-118.5275917958006
2995.3828125,-114.51364166045207
2995.38671875,-111.09432436779603
2995.390625,-108.66540324747157
2995.39453125,-107.73175189950769
2995.3984375,-108.48225821665719
2995.40234375,-110.58116484761925
2995.40625,-113.11062827254436
2995.41015625,-114.62695831452636
2995.4140625,-113.43190298823451
2995.41796875,-108.12323935919287
2995.421875,-98.24275697594973
2995.42578125,-84.61401527576706
2995.4296875,-69.06523203856935
2995.43359375,-53.64108788201875
2995.4375,-39.75321856845001
2995.44140625,-27.75353592333571
2995.4453125,-17.13872366475718
2995.44921875,-7.160868484342252
2995.453125,2.6085791532714993
2995.45703125,12.01010465747035
2995.4609375,20.293462967662318
2995.46484375,26.382357903259148
2995.46875,29.45501110818367
2995.47265625,29.5844250596806
2995.4765625,27.87954507649031
2995.48046875,25.85448749979802
2995.484375,24.49131043374548
2995.48828125,23.82731611978937
2995.4921875,23.39078550418107
2995.49609375,22.97632167256713
2995.5,23.039068588536605
2995.50390625,24.504825904618897
2995.5078125,28.295901467902134
2995.51171875,34.89360790446399
2995.515625,44.06278138145855
2995.51953125,54.788602515597276
2995.5234375,65.48353454071966
2995.52734375,74.47475076465157
2995.53125,80.65937704082324
2995.53515625,84.03528058147876
2995.5390625,85.70967132262905
2995.54296875,87.22668653113386
2995.546875,89.62285730275887
2995.55078125,92.94817721592543
2995.5546875,96.58724513513972
2995.55859375,99.94501752803797
2995.5625,102.8178146134095
2995.56640625,105.30925056841677
2995.5703125,107.70143756990385
2995.57421875,110.5071057517862
2995.578125,114.3788538314896
2995.58203125,119.57610964532502
2995.5859375,125.34846953444733
2995.58984375,129.96683407754503
2995.59375,131.6409665413151
2995.59765625,129.6751274298578
2995.6015625,124.84524467264337
2995.60546875,118.57479585525556
2995.609375,111.58357617384587
2995.61328125,103.23694501983309
2995.6171875,92.20776803599091
2995.62109375,77.82461141730678
2995.625,60.83412727390084
2995.62890625,42.90197233568824
2995.6328125,25.423352333573874
2995.63671875,8.811099898574293
2995.640625,-7.2384364439545195
2995.64453125,-23.06155410020648
2995.6484375,-38.67239064236573
2995.65234375,-53.80438785840403
2995.65625,-67.93164120104035
2995.66015625,-80.1018856663098
2995.6640625,-88.88634383900326
2995.66796875,-92.77377925867513
2995.671875,-90.86982923091698
2995.67578125,-83.38421441489646
2995.6796875,-71.55388890188206
2995.68359375,-57.11521336009983
2995.6875,-41.68974856549353
2995.69140625,-26.39462037955625
2995.6953125,-11.803134575202954
2995.69921875,1.8284886735302432
2995.703125,14.236352147097787
2995.70703125,24.817164807581037
2995.7109375,32.42111504488764
2995.71484375,35.5890261308161
2995.71875,33.3860997967877
2995.72265625,26.320301925345657
2995.7265625,16.434471311069178
2995.73046875,6.2269839558536155
2995.734375,-2.837709140867041
2995.73828125,-10.989463064801797
2995.7421875,-19.47078874146895
2995.74609375,-29.19644988283664
2995.75,-39.873971853681745
2995.75390625,-50.10364872771318
2995.7578125,-58.184971487398194
2995.76171875,-63.06902401209752
2995.765625,-64.9744493975093
2995.76953125,-65.34909148370191
2995.7734375,-66.1513089702415
2995.77734375,-68.80799500322235
2995.78125,-73.43156079666367
2995.78515625,-78.7872400164461
2995.7890625,-83.09905659734899
2995.79296875,-85.21035912883012
2995.796875,-85.25351603760394
2995.80078125,-84.26580915196462
2995.8046875,-83.05812946659356
2995.80859375,-81.34641986141746
2995.8125,-77.91042328205809
2995.81640625,-71.51976449489143
2995.8203125,-61.68388888904729
2995.82421875,-48.69944650315576
2995.828125,-33.35430079303123
2995.83203125,-16.831049956270405
2995.8359375,-0.7558926302047091
2995.83984375,13.064425054128588
2995.84375,23.339758460627976
2995.84765625,29.953522410448663
2995.8515625,33.9571604687881
2995.85546875,36.7702378564533
2995.859375,39.16391536535474
2995.86328125,40.855039854976795
2995.8671875,41.02669044481841
2995.87109375,39.275666213942095
2995.875,36.139122379792845
2995.87890625,32.79632131633109
2995.8828125,30.351026354222125
2995.88671875,29.425506796839485
2995.890625,30.270619416546992
2995.89453125,32.93943080021919
2995.8984375,37.186077300583385
2995.90234375,42.36832355574659
2995.90625,47.755088722473495
2995.91015625,53.079583110847636
2995.9140625,58.72764148589567
2995.91796875,65.22381614280086
2995.921875,72.40981065657311
2995.92578125,79.10822479595342
2995.9296875,83.66751723538378
2995.93359375,84.99571969103921
2995.9375,83.2911424753954
2995.94140625,79.94520753630998
2995.9453125,76.72694106312026
2995.94921875,74.88264497826835
2995.953125,74.75927522971249
2995.95703125,75.99816853150197
2995.9609375,77.89894505294946
2995.96484375,79.69142981915874
2995.96875,80.78285667049944
2995.97265625,81.00953402617985
2995.9765625,80.66728326855178
2995.98046875,80.14432187147668
2995.984375,79.39554290514826
2995.98828125,77.77791587641192
2995.9921875,74.49100694415182
2995.99609375,69.28201263703953
2996.0,62.84391713249641
2996.00390625,56.641985820926784
2996.0078125,52.27792270176947
2996.01171875,50.6624766178747
2996.015625,51.402273136856955
2996.01953125,52.86870935757656
2996.0234375,53.07314650309745
2996.02734375,50.86439583207279
2996.03125,46.67081199252049
2996.03515625,42.267799735317126
2996.0390625,39.63410810706962
2996.04296875,39.57150236839264
2996.046875,41.05974472228387
2996.05078125,41.92316424581513
2996.0546875,40.38602813815161
2996.05859375,36.297165765028055
2996.0625,31.047759384058928
2996.06640625,26.38043404241742
2996.0703125,23.23659545465765
2996.07421875,21.51769895186963
2996.078125,20.57024640739954
2996.08203125,19.65201686753805
2996.0859375,18.054867289083443
2996.08984375,15.1583471496761
2996.09375,10.698862428695435
2996.09765625,5.08036148645537
2996.1015625,-0.7305558850654315
2996.10546875,-5.876515282333152
2996.109375,-10.366449379810806
2996.11328125,-15.186401938091372
2996.1171875,-21.5380400171218
2996.12109375,-29.79936360170717
2996.125,-39.1122351849795
2996.12890625,-47.92303441457633
2996.1328125,-54.866091033394845
2996.13671875,-59.119560086954124
2996.140625,-60.13213531111931
2996.14453125,-57.44229614144106
2996.1484375,-51.07544930764607
2996.15234375,-42.05162652319854
2996.15625,-32.190146011841165
2996.16015625,-23.127136299365212
2996.1640625,-15.395224418517303
2996.16796875,-8.496138025476277
2996.171875,-1.9871761667483376
2996.17578125,3.419826005025227
2996.1796875,5.841461220824835
2996.18359375,3.4313431860154946
2996.1875,-4.128437660156322
2996.19140625,-15.07857024091323
2996.1953125,-26.47646539492643
2996.19921875,-35.86824498459149
2996.203125,-42.47258237676588
2996.20703125,-47.13035638448334
2996.2109375,-51.303356799827306
2996.21484375,-55.917407590160266
2996.21875,-60.66979326989732
2996.22265625,-64.08003183800079
2996.2265625,-64.2893375249516
2996.23046875,-60.240765324469585
2996.234375,-52.492755160164215
2996.23828125,-43.03614916479306
2996.2421875,-34.242561450869275
2996.24609375,-27.768882939741385
2996.25,-24.135005230211622
2996.25390625,-22.99363497845545
2996.2578125,-23.650558440746728
2996.26171875,-25.497886583061597
2996.265625,-28.28843912735909
2996.26953125,-32.22935982216549
2996.2734375,-37.80448227566013
2996.27734375,-45.30400813427874
2996.28125,-54.277969137452246
2996.28515625,-63.323021300819775
2996.2890625,-70.50621739913501
2996.29296875,-74.27789569070389
2996.296875,-74.2454479948125
2996.30078125,-71.19392167815522
2996.3046875,-66.39998129863187
2996.30859375,-60.95324056323234
2996.3125,-55.64684092991312
2996.31640625,-51.16606184587553
2996.3203125,-47.90690112599089
2996.32421875,-45.41295084720541
2996.328125,-42.257137839263635
2996.33203125,-36.96228611214519
2996.3359375,-29.372929990883176
2996.33984375,-21.151494626659407
2996.34375,-14.702340646086363
2996.34765625,-11.269055595701978
2996.3515625,-9.8212241685504
2996.35546875,-7.775254394188648
2996.359375,-3.0214083210487352
2996.36328125,4.425155422304716
2996.3671875,12.50161457892505
2996.37109375,18.77615144950212
2996.375,22.29754295390887
2996.37890625,24.134805186868395
2996.3828125,26.324248491463678
2996.38671875,30.258581328911312
2996.390625,35.75931113416126
2996.39453125,41.22919095836834
2996.3984375,44.49910612083135
2996.40234375,43.83125537752407
2996.40625,38.66669355598988
2996.41015625,29.830227668594937
2996.4140625,19.124021133312485
2996.41796875,8.543964987866065
2996.421875,-0.4629543623269168
2996.42578125,-7.354712399658972
2996.4296875,-12.378566360940638
2996.43359375,-16.12483531861364
2996.4375,-18.980885750275142
2996.44140625,-20.763143948170764
2996.4453125,-20.76340311945586
2996.44921875,-18.172367715571497
2996.453125,-12.566968629333463
2996.45703125,-4.199204803112417
2996.4609375,5.981237778191392
2996.46484375,16.605450387526446
2996.46875,26.453703877843175
2996.47265625,35.03758169815994
2996.4765625,42.72472147699778
2996.48046875,50.19797087578535
2996.484375,57.638906190490616
2996.48828125,64.3444000172468
2996.4921875,69.0980660260564
2996.49609375,70.91536207137162
2996.5,69.55077311584645
2996.50390625,65.52931375087496
2996.5078125,59.8435726595131
2996.51171875,53.49366418936714
2996.515625,47.010562067058736
2996.51953125,40.20310742969346
2996.5234375,32.381985818643685
2996.52734375,23.051121500357205
2996.53125,12.689845371209987
2996.53515625,3.0502152277883585
2996.5390625,-3.457894041902284
2996.54296875,-5.142833725613566
2996.546875,-2.2842675208966368
2996.55078125,2.7917307529295563
2996.5546875,7.0619594193574775
2996.55859375,8.638089564766048
2996.5625,7.710517487917227
2996.56640625,6.013428211528236
2996.5703125,5.435029448608816
2996.57421875,6.886211599667531
2996.578125,10.050133282203975
2996.58203125,13.89129401589561
2996.5859375,17.43527169548051
2996.58984375,20.343752482421877
2996.59375,23.015675545199638
2996.59765625,26.242827608484458
2996.6015625,30.672349221696454
2996.60546875,36.33922447086658
2996.609375,42.44424532612221
2996.61328125,47.51167777798761
2996.6171875,49.957234319069805
2996.62109375,48.8353634776714
2996.625,44.3147409608449
2996.62890625,37.55136755533695
2996.6328125,30.09657603342642
2996.63671875,23.31637507392698
2996.640625,18.06888467660704
2996.64453125,14.47670260910175
2996.6484375,11.759149813866422
2996.65234375,8.516142008583715
2996.65625,3.688452015231805
2996.66015625,-2.368200834257115
2996.6640625,-7.696114059850077
2996.66796875,-9.88417403225999
2996.671875,-7.8715095015028735
2996.67578125,-3.0364337301459665
2996.6796875,1.3473837667729223
2996.68359375,1.95531317702474
2996.6875,-2.719096182807661
2996.69140625,-11.678738478985256
2996.6953125,-22.256757014572415
2996.69921875,-31.776016862260207
2996.703125,-38.86652642112021
2996.70703125,-43.719351307271126
2996.7109375,-47.423604232457606
2996.71484375,-50.98453611678008
2996.71875,-54.54779092769981
2996.72265625,-57.16984798920095
2996.7265625,-57.266654803774365
2996.73046875,-53.52459639111443
2996.734375,-45.71852185835647
2996.73828125,-34.87348085730197
2996.7421875,-22.65990495166559
2996.74609375,-10.490527592844227
2996.75,1.0625630392977214
2996.75390625,12.249059895049761
2996.7578125,23.602740636472067
2996.76171875,35.166047316488076
2996.765625,45.93074806090112
2996.76953125,53.94094704253508
2996.7734375,57.08962926761627
2996.77734375,54.15604911221068
2996.78125,45.52835876311804
2996.78515625,33.2363694142336
2996.7890625,20.170756184528546
2996.79296875,8.771748141452244
2996.796875,-0.06601889160095809
2996.80078125,-7.102136238075868
2996.8046875,-13.775871495792046
2996.80859375,-20.935439991397935
2996.8125,-28.277885884513918
2996.81640625,-34.751778215910235
2996.8203125,-39.25993345390801
2996.82421875,-40.99445970301773
2996.828125,-39.485541999061965
2996.83203125,-34.79004830447592
2996.8359375,-27.784027220283708
2996.83984375,-20.075890788278556
2996.84375,-13.305415061678376
2996.84765625,-8.236673156604432
2996.8515625,-4.3875856723718645
2996.85546875,-0.5996882313046852
2996.859375,3.8423644314695764
2996.86328125,8.472082938054312
2996.8671875,11.900204140391075
2996.87109375,12.76900308085914
2996.875,10.494278338863385
2996.87890625,5.201787590582492
2996.8828125,-2.839834012453542
2996.88671875,-13.497487460584821
2996.890625,-26.46871083268912
2996.89453125,-40.92530604101286
2996.8984375,-55.67480820420497
2996.90234375,-69.67337081397592
2996.90625,-82.25856327939549
2996.91015625,-92.81145906570463
2996.9140625,-100.22407122006535
2996.91796875,-102.82906355128517
2996.921875,-99.08384717002843
2996.92578125,-88.6223749180269
2996.9296875,-72.89282036460165
2996.93359375,-54.801737480888875
2996.9375,-37.452526995755406
2996.94140625,-22.77916079597064
2996.9453125,-11.04060302624721
2996.94921875,-1.4685867445936722
2996.953125,6.5618139598728416
2996.95703125,12.754596855075466
2996.9609375,15.975564385793565
2996.96484375,15.049205355047082
2996.96875,9.73545755461391
2996.97265625,1.2684516877110124
2996.9765625,-7.931792849298709
2996.98046875,-15.30092170550277
2996.984375,-19.360575510129063
2996.98828125,-20.371803549380154
2996.9921875,-19.980206141108226
2996.99609375,-20.085860820149747
2997.0,-21.628843303347974
2997.00390625,-23.9910075210503
2997.0078125,-25.400241973266695
2997.01171875,-24.167369441674687
2997.015625,-19.9563518639442
2997.01953125,-14.113443832592747
2997.0234375,-8.723953821607552
2997.02734375,-5.076960437824404
2997.03125,-2.7052592813239187
2997.03515625,0.27005038508401924
2997.0390625,5.72326098816319
2997.04296875,14.04982572524598
2997.046875,23.74975933092012
2997.05078125,32.47089379427804
2997.0546875,38.75275032448184
2997.05859375,43.01589247369642
2997.0625,46.91508455359843
2997.06640625,51.680149836953085
2997.0703125,57.02126882302941
2997.07421875,61.514502772126825
2997.078125,63.86429265683393
2997.08203125,63.748277215600865
2997.0859375,61.623343008584534
2997.08984375,57.94635017705247
2997.09375,52.686219342424195
2997.09765625,45.579055499218555
2997.1015625,36.81842602410832
2997.10546875,27.477083928631025
2997.109375,19.21836070650946
2997.11328125,13.451457743953364
2997.1171875,10.51772771202394
2997.12109375,9.518313190040725
2997.125,8.987230125833303
2997.12890625,7.998801241145387
2997.1328125,6.93794474693304
2997.13671875,7.321737734340893
2997.140625,10.609176587329916
2997.14453125,16.69042609987043
2997.1484375,23.318895594295896
2997.15234375,27.338087018731535
2997.15625,27.013722273670552
2997.16015625,23.479318453160502
2997.1640625,19.81455969458258
2997.16796875,18.391704860091536
2997.171875,18.815723489705718
2997.17578125,18.270420706810626
2997.1796875,13.822887973304528
2997.18359375,4.530652998911178
2997.1875,-8.341179939549463
2997.19140625,-22.774691997057353
2997.1953125,-37.51888763014208
2997.19921875,-52.326539867858024
2997.203125,-67.01800515965971
2997.20703125,-80.69829151250451
2997.2109375,-92.18654763080723
2997.21484375,-101.226796794232
2997.21875,-109.01307245742515
2997.22265625,-117.17772569952426
2997.2265625,-126.00585108573209
2997.23046875,-133.54707891318128
2997.234375,-136.56488518964156
2997.23828125,-132.6621308787985
2997.2421875,-121.98948381855243
2997.24609375,-107.32624265367336
2997.25,-92.4877929683112
2997.25390625,-80.13015319807096
2997.2578125,-70.44069460239612
2997.26171875,-61.59878904946753
2997.265625,-51.58738246832814
2997.26953125,-39.91984028262648
2997.2734375,-27.992606651473018
2997.27734375,-17.937843647946973
2997.28125,-10.972938378641242
2997.28515625,-6.488975987368672
2997.2890625,-2.512173028027142
2997.29296875,2.8137696243106234
2997.296875,9.856683135147854
2997.30078125,17.317771569962765
2997.3046875,23.34503136748897
2997.30859375,26.958258962847353
2997.3125,28.635761185264176
2997.31640625,29.75540592594775
2997.3203125,31.56503949103783
2997.32421875,34.5354960122575
2997.328125,38.32166309168293
2997.33203125,42.00867552274636
2997.3359375,44.40022492104445
2997.33984375,44.40205054606724
2997.34375,41.52822964529253
2997.34765625,36.287132648810314
2997.3515625,30.067129315579155
2997.35546875,24.371293704245367
2997.359375,19.78337584200944
2997.36328125,15.445073434795372
2997.3671875,9.583102308888204
2997.37109375,0.8041676765960091
2997.375,-10.820368787376882
2997.37890625,-23.736441645151174
2997.3828125,-35.91542523172924
2997.38671875,-46.03683413796967
2997.390625,-54.02574324495137
2997.39453125,-60.73671485942424
2997.3984375,-67.02006678405294
2997.40234375,-72.58602826547951
2997.40625,-75.32744896869939
2997.41015625,-71.84645334798836
2997.4140625,-59.29167957647587
2997.41796875,-37.45589530373926
2997.421875,-9.510094288004131
2997.42578125,19.42326899449685
2997.4296875,44.941347866354164
2997.43359375,65.28773935092131
2997.4375,81.18034394000654
2997.44140625,93.98146874617014
2997.4453125,103.97565789502971
2997.44921875,110.21738903334965
2997.453125,111.79855394033481
2997.45703125,109.00480575673504
2997.4609375,103.09335076492401
2997.46484375,95.06198083006016
2997.46875,84.92865861361634
2997.47265625,72.3881042438263
2997.4765625,58.06764609366023
2997.48046875,43.8836418153223
2997.484375,31.997476070376884
2997.48828125,23.41505075315415
2997.4921875,17.616021429356206
2997.49609375,13.47505869911355
2997.5,10.527963203465804
2997.50390625,9.496718851464172
2997.5078125,11.723367265030193
2997.51171875,17.977685713146847
2997.515625,27.487881355636496
2997.51953125,37.865622061216314
2997.5234375,46.03119851243023
2997.52734375,49.654120082898494
2997.53125,48.30671157155108
2997.53515625,43.60681057214042
2997.5390625,38.11028886632623
2997.54296875,33.502955769486604
2997.546875,29.3217474566786
2997.55078125,23.290530809689297
2997.5546875,13.151537973348184
2997.55859375,-1.4466071391969422
2997.5625,-18.530961072848044
2997.56640625,-35.0496431107
2997.5703125,-48.56372015815816
2997.57421875,-58.1011760558692
2997.578125,-63.992599428253214
2997.58203125,-67.35637996100012
2997.5859375,-69.69840325535425
2997.58984375,-72.46446623185052
2997.59375,-76.30250215921954
2997.59765625,-80.34448188196575
2997.6015625,-82.23352728849386
2997.60546875,-79.27224669978743
2997.609375,-70.15573947200227
2997.61328125,-56.05239016342591
2997.6171875,-40.037752680589676
2997.62109375,-25.130583111451102
2997.625,-12.449889754959026
2997.62890625,-1.0206622163697858
2997.6328125,10.670479938861364
2997.63671875,22.817337237454744
2997.640625,33.75017827700569
2997.64453125,41.0257648518083
2997.6484375,43.08173708830668
2997.65234375,40.12106631966704
2997.65625,33.70379630306978
2997.66015625,25.579837122836366
2997.6640625,16.7957944814394
2997.66796875,7.711096976056259
2997.671875,-1.3284402391015213
2997.67578125,-9.477072826143804
2997.6796875,-15.655383381889205
2997.68359375,-19.42047138307836
2997.6875,-21.532545876812527
2997.69140625,-23.45571729002232
2997.6953125,-26.076107873312512
2997.69921875,-28.799648530848426
2997.703125,-29.97966924781675
2997.70703125,-28.511750391038355
2997.7109375,-25.307387584848765
2997.71484375,-23.162182094957732
2997.71875,-24.74509480140382
2997.72265625,-30.257129621944404
2997.7265625,-36.92036461634285
2997.73046875,-40.96175060989029
2997.734375,-40.459334391540786
2997.73828125,-36.6037150746277
2997.7421875,-32.43307773818055
2997.74609375,-30.370414026667905
2997.75,-30.667716851060987
2997.75390625,-31.681301784487474
2997.7578125,-31.295785409356704
2997.76171875,-28.2288898986359
2997.765625,-22.454512565810944
2997.76953125,-14.833067912896382
2997.7734375,-6.521793851736657
2997.77734375,1.415687237713529
2997.78125,8.219543561116375
2997.78515625,13.62988634087214
2997.7890625,17.99761551410923
2997.79296875,22.063129238518417
2997.796875,26.39646576643119
2997.80078125,30.91419473471251
2997.8046875,34.91450793457558
2997.80859375,37.56439390465776
2997.8125,38.34436672545609
2997.81640625,37.165163978896736
2997.8203125,34.33795181066887
2997.82421875,30.559949735675346
2997.828125,26.71076125028913
2997.83203125,23.3101697663731
2997.8359375,20.019691736353074
2997.83984375,15.821648482588664
2997.84375,10.0244977104295
2997.84765625,3.389272077129983
2997.8515625,-1.727190637285834
2997.85546875,-2.6797460003899793
2997.859375,1.5446938593497848
2997.86328125,9.371193285054826
2997.8671875,17.526162625293857
2997.87109375,23.083663284838458
2997.875,25.039792501990988
2997.87890625,24.3617355926226
2997.8828125,22.90308946878171
2997.88671875,22.377610999998097
2997.890625,24.00282445168019
2997.89453125,28.394253861283158
2997.8984375,35.238847172582005
2997.90234375,43.13952122190769
2997.90625,50.32160942344315
2997.91015625,55.97202480900638
2997.9140625,61.02513587643069
2997.91796875,67.50667844103225
2997.921875,76.8218853549384
2997.92578125,88.34464948024788
2997.9296875,99.47727509272735
2997.93359375,107.19986505987868
2997.9375,109.98158195414004
2997.94140625,108.68326740038324
2997.9453125,105.85015858646997
2997.94921875,103.94852315298134
2997.953125,103.81081920805211
2997.95703125,104.3316851150659
2997.9609375,103.53211456313039
2997.96484375,100.19752908536356
2997.96875,94.95572907773133
2997.97265625,90.03873050813186
2997.9765625,87.85645631264971
2997.98046875,89.36229351151906
2997.984375,93.39409132005657
2997.98828125,97.48104752523118
2997.9921875,99.46082176873097
2997.99609375,98.64215507413284
2998.0,95.79135649770333
2998.00390625,92.29077177133802
2998.0078125,89.24435379787076
2998.01171875,86.92457565941154
2998.015625,84.58691728315442
2998.01953125,80.70833978762059
2998.0234375,73.71827583933936
2998.02734375,63.00086611353281
2998.03125,49.626930021223444
2998.03515625,36.27620716977021
2998.0390625,26.19946936748184
2998.04296875,21.68146789130966
2998.046875,22.94028057421572
2998.05078125,28.239200959195358
2998.0546875,35.08987468527689
2998.05859375,41.533065402402634
2998.0625,46.549458785317945
2998.06640625,49.65606657096134
2998.0703125,50.5483693374277
2998.07421875,49.30448755136053
2998.078125,46.66717942158586
2998.08203125,43.64278533227032
2998.0859375,40.530625093084794
2998.08984375,36.40746951941322
2998.09375,29.85129597901996
2998.09765625,20.47144654620634
2998.1015625,9.875018577611744
2998.10546875,1.0265900599091218
2998.109375,-3.670523382663749
2998.11328125,-4.0417584620670155
2998.1171875,-2.1245247033385404
2998.12109375,-0.4457991025347994
2998.125,-0.08115406024708349
2998.12890625,-0.13784074640150834
2998.1328125,1.0922159176433937
2998.13671875,4.5642026060891325
2998.140625,9.845323400357152
2998.14453125,15.624314504533448
2998.1484375,20.605337115651196
2998.15234375,24.03045389149491
2998.15625,25.675656941923158
2998.16015625,25.62701678407162
2998.1640625,24.144410222856347
2998.16796875,21.630693331233676
2998.171875,18.521913771993766
2998.17578125,15.004470912921335
2998.1796875,10.711709679550577
2998.18359375,4.699022696144976
2998.1875,-4.117808152358364
2998.19140625,-16.246877028383146
2998.1953125,-31.129602680440172
2998.19921875,-47.25239560618694
2998.203125,-62.79211880759175
2998.20703125,-76.43947135699233
2998.2109375,-88.00711046751015
2998.21484375,-98.4317319987306
2998.21875,-108.93283682154531
2998.22265625,-119.64984884046083
2998.2265625,-128.76060902942174
2998.23046875,-133.09532591701185
2998.234375,-130.19489633327157
2998.23828125,-120.38006429577985
2998.2421875,-107.08829577580515
2998.24609375,-94.97574816898117
2998.25,-87.05009950954609
2998.25390625,-82.93997495608782
2998.2578125,-79.6294050759173
2998.26171875,-74.08993244752821
2998.265625,-65.7309796093485
2998.26953125,-56.82892975059374
2998.2734375,-50.8359079939413
2998.27734375,-50.05276674247555
2998.28125,-54.30310354999357
2998.28515625,-61.16375888644004
2998.2890625,-67.19811628112737
2998.29296875,-69.3975541157609
2998.296875,-66.3501853024949
2998.30078125,-58.76664928081559
2998.3046875,-49.015320876628024
2998.30859375,-39.814371066506965
2998.3125,-32.889477529404765
2998.31640625,-28.41046845624017
2998.3203125,-25.37096564444678
2998.32421875,-22.502703627874297
2998.328125,-19.163181588456183
2998.33203125,-15.726992082824552
2998.3359375,-13.256261358339275
2998.33984375,-12.641962818463847
2998.34375,-13.823468834387342
2998.34765625,-15.77127567913113
2998.3515625,-17.408335892640707
2998.35546875,-18.769943931526953
2998.359375,-21.265858396455762
2998.36328125,-26.57038161693498
2998.3671875,-35.00413753089693
2998.37109375,-44.95357115100701
2998.375,-54.019814387376755
2998.37890625,-60.88364280540475
2998.3828125,-66.06183121854448
2998.38671875,-70.81033857412848
2998.390625,-75.40147423412245
2998.39453125,-78.71026567433299
2998.3984375,-79.55949610429391
2998.40234375,-78.16539054993287
2998.40625,-75.76487842619721
2998.41015625,-72.5853451348901
2998.4140625,-66.46755578919789
2998.41796875,-54.11038923276424
2998.421875,-34.25544363952775
2998.42578125,-9.968559369635773
2998.4296875,12.256885483867034
2998.43359375,26.17507728234862
2998.4375,29.54600364811088
2998.44140625,25.207667796912972
2998.4453125,18.764961691960522
2998.44921875,14.739422744456881
2998.453125,13.985508415496
2998.45703125,13.903796288714236
2998.4609375,10.836356035188807
2998.46484375,2.7541498729499487
2998.46875,-9.510714855626912
2998.47265625,-23.059217671046007
2998.4765625,-34.91346411884862
2998.48046875,-43.67195273893838
2998.484375,-49.70114715286483
2998.48828125,-53.884749478583686
2998.4921875,-56.17299339145169
2998.49609375,-55.41835475259023
2998.5,-50.67897241543569
2998.50390625,-42.57142255996818
2998.5078125,-33.26251460978615
2998.51171875,-25.186392079374844
2998.515625,-19.714991649658312
2998.51953125,-16.791474749731734
2998.5234375,-15.51963910724377
2998.52734375,-14.916145624086539
2998.53125,-14.14017211370711
2998.53515625,-12.349384241269046
2998.5390625,-8.898076251681466
2998.54296875,-4.135803616413721
2998.546875,-0.06278180205155337
2998.55078125,0.23042986512886898
2998.5546875,-5.525678638969115
2998.55859375,-16.837530881502573
2998.5625,-30.23147040506305
2998.56640625,-41.18901877938662
2998.5703125,-46.77667886318149
2998.57421875,-47.02025439415146
2998.578125,-44.30242938012901
2998.58203125,-41.577988971278415
2998.5859375,-40.73134019143083
2998.58984375,-41.90328527099077
2998.59375,-43.81971692132379
2998.59765625,-44.714829947981926
2998.6015625,-43.38077411719755
2998.60546875,-39.860112867703826
2998.609375,-35.34655526283855
2998.61328125,-31.283340035317348
2998.6171875,-28.316187559858122
2998.62109375,-26.02003593396811
2998.625,-23.731158535938896
2998.62890625,-21.708599118662804
2998.6328125,-21.265073046392374
2998.63671875,-23.36593444993523
2998.640625,-26.98287427161178
2998.64453125,-29.210548570753755
2998.6484375,-27.574182899474355
2998.65234375,-22.524106077779
2998.65625,-17.51713739880576
2998.66015625,-16.171139269791347
2998.6640625,-18.856406434237353
2998.66796875,-21.960426228386503
2998.671875,-20.840321717839963
2998.67578125,-14.032138135924757
2998.6796875,-4.902100528935701
2998.68359375,0.9184147600191679
2998.6875,0.15647470927899576
2998.69140625,-5.503296767950403
2998.6953125,-11.084096707612751
2998.69921875,-12.611325271015119
2998.703125,-10.19792357331104
2998.70703125,-7.46213116671624
2998.7109375,-8.191583373862791
2998.71484375,-13.31847614555004
2998.71875,-20.46623916132171
2998.72265625,-25.817874578101286
2998.7265625,-26.461990799635128
2998.73046875,-21.689781247255784
2998.734375,-12.878163884482348
2998.73828125,-2.4887051700549776
2998.7421875,6.998562207425916
2998.74609375,13.740055976497608
2998.75,16.872169316672
2998.75390625,16.778739814227933
2998.7578125,15.133605920637194
2998.76171875,14.288465555739496
2998.765625,15.940049551020795
2998.76953125,19.849302673509555
2998.7734375,23.79534118448975
2998.77734375,25.149077499978926
2998.78125,22.973280119490123
2998.78515625,18.93444012755749
2998.7890625,16.229111360463826
2998.79296875,17.27177754782702
2998.796875,21.834156437906252
2998.80078125,27.094559504792073
2998.8046875,29.708030617384125
2998.80859375,28.37820173583314
2998.8125,24.859149744206018
2998.81640625,22.474632815737028
2998.8203125,23.233164901339975
2998.82421875,25.80290167530605
2998.828125,26.047428154497286
2998.83203125,19.915008507355978
2998.8359375,6.561406304690163
2998.83984375,-10.77842462784026
2998.84375,-26.84906304515527
2998.84765625,-37.52036434871704
2998.8515625,-41.47375386273052
2998.85546875,-39.67973800440408
2998.859375,-34.071506600101806
2998.86328125,-26.976146032237878
2998.8671875,-21.214876588437235
2998.87109375,-19.61417821632881
2998.875,-23.487824615765916
2998.87890625,-31.33785525557759
2998.8828125,-39.33598583165513
2998.88671875,-43.615990865757695
2998.890625,-42.70570785506412
2998.89453125,-38.24912933770574
2998.8984375,-33.627684909217976
2998.90234375,-31.70486463791084
2998.90625,-33.17899079903754
2998.91015625,-36.223497352270996
2998.9140625,-37.444792808508595
2998.91796875,-33.78233397136321
2998.921875,-24.422778715372722
2998.92578125,-11.561244193527749
2998.9296875,0.6293802070525576
2998.93359375,8.42271268032647
2998.9375,10.883711296655884
2998.94140625,10.3448863974777
2998.9453125,10.493237841510155
2998.94921875,13.603224421395531
2998.953125,19.110607999122465
2998.95703125,24.325786728807444
2998.9609375,26.347823006743326
2998.96484375,23.765586226485034
2998.96875,17.370360823588552
2998.97265625,9.791070830345653
2998.9765625,4.1867459660112525
2998.98046875,2.4007414826253237
2998.984375,3.6560583819959573
2998.98828125,5.0225899502610565
2998.9921875,3.6153055692745815
2998.99609375,-1.2166599069334874
2999.0,-7.651815878133149
2999.00390625,-13.27546963629442
2999.0078125,-17.119113036492866
2999.01171875,-19.755207347438315
2999.015625,-21.60458254065063
2999.01953125,-21.728023277064253
2999.0234375,-18.718977216234663
2999.02734375,-12.668675848411121
2999.03125,-5.707000188208094
2999.03515625,-0.1304101974280787
2999.0390625,3.9271067891546165
2999.04296875,8.364787679282118
2999.046875,14.169210898672592
2999.05078125,18.76189112386081
2999.0546875,17.0515403528537
2999.05859375,5.972384264302578
2999.0625,-11.625031107016104
2999.06640625,-27.782528106481386
2999.0703125,-34.678449257217046
2999.07421875,-29.869987406402643
2999.078125,-17.24980489462306
2999.08203125,-3.3674804622397474
2999.0859375,7.472162482471297
2999.08984375,15.387943040002765
2999.09375,23.161394264698547
2999.09765625,32.74799212230437
2999.1015625,43.37473959002669
2999.10546875,52.61416832383607
2999.109375,58.98883959111354
2999.11328125,63.46273318966296
2999.1171875,68.40767964934221
2999.12109375,75.02693028120466
2999.125,81.62279239281325
2999.12890625,84.38848978025077
2999.1328125,80.33182303852038
2999.13671875,70.07583140726712
2999.140625,58.0712253126684
2999.14453125,49.79213000936828
2999.1484375,48.21318890935544
2999.15234375,52.47278800389158
2999.15625,59.47837174171563
2999.16015625,66.62704799247076
2999.1640625,73.21607134232397
2999.16796875,79.75906848576575
2999.171875,86.51829071932944
2999.17578125,93.02155470415255
2999.1796875,98.87892730420643
2999.18359375,104.64555853892111
2999.1875,111.50422317046994
2999.19140625,119.91720787273279
2999.1953125,128.5322458999152
2999.19921875,134.46684450707286
2999.203125,134.9269592133468
2999.20703125,128.98386784432853
2999.2109375,118.14939755735469
2999.21484375,105.35076314380908
2999.21875,93.25146687429464
2999.22265625,83.29371022821445
2999.2265625,75.90228491201061
2999.23046875,71.17167169642464
2999.234375,69.27115256561169
2999.23828125,70.37200835599907
2999.2421875,74.25121300614157
2999.24609375,79.88351205535025
2999.25,85.4948945612589
2999.25390625,89.34596440686764
2999.2578125,90.82884458135777
2999.26171875,90.96642371151694
2999.265625,91.74265805502222
2999.26953125,94.64702327131377
2999.2734375,99.48839781212027
2999.27734375,104.30976318541845
2999.28125,106.42211821059956
2999.28515625,103.88795080500385
2999.2890625,96.57413616695285
2999.29296875,86.15417912450411
2999.296875,74.99611077048539
2999.30078125,64.52247684088039
2999.3046875,54.18493138457041
2999.30859375,42.06339243366686
2999.3125,26.822676473073827
2999.31640625,9.409007222204345
2999.3203125,-6.989593658090982
2999.32421875,-18.774509335097754
2999.328125,-24.310927595167257
2999.33203125,-25.182948769554628
2999.3359375,-25.28711716674944
2999.33984375,-28.15737119378477
2999.34375,-34.26450476484861
2999.34765625,-40.25317178829398
2999.3515625,-40.90890370529024
2999.35546875,-32.73778170121489
2999.359375,-16.64547919317961
2999.36328125,2.4308491201882916
2999.3671875,18.833072500042903
2999.37109375,29.809902277823973
2999.375,36.41776121787942
2999.37890625,41.2082856230497
2999.3828125,45.433422240652924
2999.38671875,48.683970258407754
2999.390625,50.70713832210778
2999.39453125,52.606450734062044
2999.3984375,55.72282257879303
2999.40234375,59.532153982187864
2999.40625,61.22089427158272
2999.41015625,57.883845904920825
2999.4140625,49.422208000713894
2999.41796875,39.253915457083124
2999.421875,31.991481825254525
2999.42578125,30.104393870222594
2999.4296875,32.298640931533335
2999.43359375,34.64506776087328
2999.4375,33.424849043659634
2999.44140625,27.726239430696957
2999.4453125,20.10169941498868
2999.44921875,14.755503598002647
2999.453125,14.312583460360699
2999.45703125,17.36223460742523
2999.4609375,18.796364801559847
2999.46484375,13.2324052079246
2999.46875,-0.6250013384420399
2999.47265625,-18.130537615702714
2999.4765625,-31.341367414400604
2999.48046875,-34.499979618575516
2999.484375,-28.039569805948094
2999.48828125,-17.93364926151981
2999.4921875,-11.216058503341156
2999.49609375,-11.50651297572707
2999.5,-17.778239384525627
2999.50390625,-26.471785159398287
2999.5078125,-34.539241869434875
2999.51171875,-41.00416971797345
2999.515625,-46.41606260566683
2999.51953125,-51.26408951524828
2999.5234375,-54.902133184723056
2999.52734375,-55.89047243992298
2999.53125,-53.43900302003703
2999.53515625,-48.64653914446886
2999.5390625,-44.28286660460854
2999.54296875,-43.0161201165705
2999.546875,-45.3551759806228
2999.55078125,-49.03223683335915
2999.5546875,-50.564251220401076
2999.55859375,-47.963427179343135
2999.5625,-42.510363592994885
2999.56640625,-38.066848442548604
2999.5703125,-38.21824514650166
2999.57421875,-43.34683314562713
2999.578125,-50.03591901352552
2999.58203125,-53.4483894262507
2999.5859375,-50.899734990409584
2999.58984375,-43.87950307543056
2999.59375,-37.011317481919384
2999.59765625,-34.73898774962506
2999.6015625,-38.118486066476244
2999.60546875,-44.014350664753685
2999.609375,-47.378568868076485
2999.61328125,-45.03592436725037
2999.6171875,-38.09437647507609
2999.62109375,-31.087375001177985
2999.625,-28.601579748912854
2999.62890625,-32.091366517955095
2999.6328125,-39.23611800982993
2999.63671875,-46.06559108174464
2999.640625,-49.96303393935997
2999.64453125,-51.20647463622193
2999.6484375,-52.123268908966125
2999.65234375,-54.81282989418398
2999.65625,-59.275835397852745
2999.66015625,-63.33778355305782
2999.6640625,-64.4165825527471
2999.66796875,-61.7417612032035
2999.671875,-57.11966652536219
2999.67578125,-53.390867211993346
2999.6796875,-51.71926647389897
2999.68359375,-50.08274683021976
2999.6875,-44.52959463315252
2999.69140625,-32.4859811919402
2999.6953125,-15.558851976129223
2999.69921875,0.5991293784032727
2999.703125,9.612831904612957
2999.70703125,8.471192664981958
2999.7109375,-0.7618920143126005
2999.71484375,-12.667235039576358
2999.71875,-21.89458992012848
2999.72265625,-25.675882910672414
2999.7265625,-24.131083452374455
2999.73046875,-18.979390285968478
2999.734375,-12.107105810252671
2999.73828125,-4.891097368342987
2999.7421875,1.7678470590603617
2999.74609375,7.181497161409364
2999.75,10.81030934067843
2999.75390625,12.539732932220291
2999.7578125,12.980722514106878
2999.76171875,13.251899045820688
2999.765625,14.15163834264285
2999.76953125,15.365542975597185
2999.7734375,15.491795438026593
2999.77734375,13.019236488829673
2999.78125,7.5943137177744475
2999.78515625,0.592314180578791
2999.7890625,-5.60113477427511
2999.79296875,-9.251144880605878
2999.796875,-10.658596426265115
2999.80078125,-12.060466927809447
2999.8046875,-15.964459885373206
2999.80859375,-23.227307263779736
2999.8125,-32.48685004089609
2999.81640625,-41.35932362448313
2999.8203125,-48.27872556520729
2999.82421875,-53.47193892341788
2999.828125,-58.49695562690158
2999.83203125,-64.94479564179085
2999.8359375,-73.336268251939
2999.83984375,-82.82867505373302
2999.84375,-91.67809692798313
2999.84765625,-98.05462320645108
2999.8515625,-100.78240070692098
2999.85546875,-99.65964360302893
2999.859375,-95.25406199483047
2999.86328125,-88.42279240479226
2999.8671875,-79.94607885308767
2999.87109375,-70.47982958878114
2999.875,-60.73270159533151
2999.87890625,-51.54117931892307
2999.8828125,-43.544083737338894
2999.88671875,-36.61755971814104
2999.890625,-29.74097554070641
2999.89453125,-21.73695868148773
2999.8984375,-12.357958011866714
2999.90234375,-2.611035781180288
2999.90625,6.094935439054769
2999.91015625,13.10230215044474
2999.9140625,18.71497786833886
2999.91796875,23.28955319666993
2999.921875,26.35304167835527
2999.92578125,26.915953435639498
2999.9296875,24.73866811438747
2999.93359375,21.115658464808142
2999.9375,18.2490257291942
2999.94140625,17.788531552103493
2999.9453125,19.82443980042595
2999.94921875,23.044528008608832
2999.953125,25.7413441473885
2999.95703125,26.752033205972353
2999.9609375,25.67154056315224
2999.96484375,22.51233177195661
2999.96875,17.44592584140808
2999.97265625,10.878893705752553
2999.9765625,3.5213015036876456
2999.98046875,-3.868663284262354
2999.984375,-10.823036733967069
2999.98828125,-17.139733141244516
2999.9921875,-22.589546612626236
2999.99609375,-26.909720299029992
3000.0,-30.215100587307195
3000.00390625,-33.24160725765105
3000.0078125,-36.902327193578174
3000.01171875,-41.42555342244092
3000.015625,-45.935276244200395
3000.01953125,-49.07109720254326
3000.0234375,-50.24403791835335
3000.02734375,-50.34610513517183
3000.03125,-51.13501648326273
3000.03515625,-53.76840135736192
3000.0390625,-57.76506958341667
3000.04296875,-61.302420436149966
3000.046875,-62.60280826138182
3000.05078125,-61.20123998109774
3000.0546875,-58.033899327579626
3000.05859375,-54.4776442414584
3000.0625,-51.41300782228175
3000.06640625,-49.03565281711567
3000.0703125,-47.13635320222788
3000.07421875,-45.266162800482775
3000.078125,-42.77762838915937
3000.08203125,-39.14312278179918
3000.0859375,-34.54506563084735
3000.08984375,-30.10819495734232
3000.09375,-27.2504455721447
3000.09765625,-26.480142083284576
3000.1015625,-26.65922684270275
3000.10546875,-25.528158220988235
3000.109375,-21.265389040197963
3000.11328125,-13.905322305110861
3000.1171875,-5.464706651212548
3000.12109375,1.3206541231827167
3000.125,4.632446611655258
3000.12890625,4.400834713726876
3000.1328125,1.9520563512136704
3000.13671875,-1.021076019626598
3000.140625,-3.4246084512240778
3000.14453125,-5.242492535656474
3000.1484375,-7.424843895119928
3000.15234375,-11.209392381213096
3000.15625,-17.128591842803328
3000.16015625,-24.313705813225194
3000.1640625,-30.694080999716427
3000.16796875,-34.06039807076529
3000.171875,-33.27287195567489
3000.17578125,-28.841278910727063
3000.1796875,-22.624977190331794
3000.18359375,-16.894251037049063
3000.1875,-13.201856922535104
3000.19140625,-11.615691027718292
3000.1953125,-10.800322125266813
3000.19921875,-8.973865774247237
3000.203125,-5.163777765578779
3000.20703125,0.03000835957859138
3000.2109375,4.662508761733271
3000.21484375,6.5833688383560975
3000.21875,4.828153087642004
3000.22265625,0.3667537033602386
3000.2265625,-4.323851231516013
3000.23046875,-6.621700306984952
3000.234375,-5.161413049959943
3000.23828125,-0.36786518401721935
3000.2421875,6.079542679090199
3000.24609375,12.263990080788563
3000.25,16.822906030967278
3000.25390625,19.270819134191466
3000.2578125,19.939167183485736
3000.26171875,19.612265674477573
3000.265625,18.999150145650873
3000.26953125,18.36235079861125
3000.2734375,17.556130767190886
3000.27734375,16.385153382526028
3000.28125,14.951351169645717
3000.28515625,13.709875576763947
3000.2890625,13.197210716759058
3000.29296875,13.648681745788597
3000.296875,14.840670775487204
3000.30078125,16.351810590923208
3000.3046875,18.050710426420114
3000.30859375,20.29823486500296
3000.3125,23.54220255150554
3000.31640625,27.65362229085001
3000.3203125,31.758514513067354
3000.32421875,34.831159063578184
3000.328125,36.43434178514895
3000.33203125,36.82235176545445
3000.3359375,36.355175426718965
3000.33984375,34.89980975742462
3000.34375,31.863626452339307
3000.34765625,26.849627919586602
3000.3515625,20.317490888746498
3000.35546875,13.634828836543889
3000.359375,8.449866186838456
3000.36328125,5.840105365056399
3000.3671875,5.797374428965679
3000.37109375,7.361929450872109
3000.375,9.320306689087362
3000.37890625,11.034182149495962
3000.3828125,12.885828813263918
3000.38671875,16.02713414595654
3000.390625,21.453068301688333
3000.39453125,28.870938254602112
3000.3984375,36.24467543878694
3000.40234375,40.66136614458581
3000.40625,40.11925114409722
3000.41015625,34.907557216518775
3000.4140625,27.46872858097577
3000.41796875,20.87288920093145
3000.421875,17.143183061483924
3000.42578125,16.600316862787178
3000.4296875,18.317192796741008
3000.43359375,20.958706747233883
3000.4375,23.43976793474546
3000.44140625,25.316989622745634
3000.4453125,26.93790948326361
3000.44921875,29.276008858668266
3000.453125,33.3995579005754
3000.45703125,39.704542989823025
3000.4609375,47.35855200822277
3000.46484375,54.52515064089396
3000.46875,59.44140099926784
3000.47265625,61.61528835000621
3000.4765625,62.15717543347459
3000.48046875,62.90777432379185
3000.484375,65.04670716327429
3000.48828125,68.32965063544496
3000.4921875,71.48999512500376
3000.49609375,73.26094244739413
3000.5,73.1122316207904
3000.50390625,71.35876518936192
3000.5078125,68.86396264652925
3000.51171875,66.59936321679751
3000.515625,65.2089239424665
3000.51953125,64.7478531837358
3000.5234375,64.74934984420804
3000.52734375,64.61521863260103
3000.53125,64.13035323049331
3000.53515625,63.76756442969802
3000.5390625,64.48399955785587
3000.54296875,67.0214880993038
3000.546875,71.20347357762373
3000.55078125,75.90963376949976
3000.5546875,79.88709190196752
3000.55859375,82.67359429657387
3000.5625,84.6838963474157
3000.56640625,86.3808996007975
3000.5703125,87.48454611425447
3000.57421875,87.11551238354804
3000.578125,84.68432711824421
3000.58203125,80.51708035635042
3000.5859375,75.55904658975521
3000.58984375,70.54468538534834
3000.59375,65.59143368304444
3000.59765625,60.65465310202146
3000.6015625,56.259199789337316
3000.60546875,53.57459970461458
3000.609375,53.61888199749863
3000.61328125,56.340539739366264
3000.6171875,60.52300537535129
3000.62109375,64.68173614722866
3000.625,68.13262739841652
3000.62890625,71.25735788702596
3000.6328125,74.8618000828919
3000.63671875,79.3683573928748
3000.640625,84.4705540071981
3000.64453125,89.2176763370534
3000.6484375,92.25837131588877
3000.65234375,92.25379663270333
3000.65625,88.57141840102963
3000.66015625,81.96113276068132
3000.6640625,74.53877652270458
3000.66796875,68.7428249873335
3000.671875,65.83326651889735
3000.67578125,65.02583692606345
3000.6796875,63.91947849560213
3000.68359375,59.938012181034125
3000.6875,51.86210568813705
3000.69140625,40.500974339794375
3000.6953125,28.09453206567673
3000.69921875,16.87414710006383
3000.703125,7.767789416938957
3000.70703125,0.05809668246787325
3000.7109375,-7.902025338833084
3000.71484375,-17.45347000119721
3000.71875,-28.644703322700096
3000.72265625,-40.07790167206853
3000.7265625,-49.684805815291185
3000.73046875,-55.95140999423077
3000.734375,-58.76613965704476
3000.73828125,-59.306226920141
3000.7421875,-59.156385839268005
3000.74609375,-59.45791888637849
3000.75,-60.64533745331943
3000.75390625,-62.599785128323575
3000.7578125,-64.79265827096893
3000.76171875,-66.4006840455381
3000.765625,-66.67467704307617
3000.76953125,-65.51495787753444
3000.7734375,-63.717426162594684
3000.77734375,-62.456852765096876
3000.78125,-62.26921800470853
3000.78515625,-62.37457842703767
3000.7890625,-61.055355094933724
3000.79296875,-57.000909142243074
3000.796875,-50.636954190491906
3000.80078125,-44.2848825001837
3000.8046875,-40.899274519944505
3000.80859375,-42.39144185474641
3000.8125,-48.85023705626381
3000.81640625,-58.98050554671997
3000.8203125,-70.9972265386714
3000.82421875,-83.21425652258726
3000.828125,-94.303419642048
3000.83203125,-103.54103778585304
3000.8359375,-110.99599934217196
3000.83984375,-117.2604491092472
3000.84375,-122.622341681857
3000.84765625,-126.27462327921138
3000.8515625,-126.41801942766682
3000.85546875,-121.48544951111587
3000.859375,-111.65293306671828
3000.86328125,-99.31624198520718
3000.8671875,-87.89494294998454
3000.87109375,-79.6958315785323
3000.875,-74.46613530801778
3000.87890625,-69.8281089355684
3000.8828125,-63.239242855482665
3000.88671875,-53.84382263580107
3000.890625,-42.83883228958196
3000.89453125,-32.409610858347236
3000.8984375,-24.348148119567206
3000.90234375,-19.31302924331245
3000.90625,-16.880932571587497
3000.91015625,-15.9931463141498
3000.9140625,-15.418724559357003
3000.91796875,-14.12301231512684
3000.921875,-11.561892846518461
3000.92578125,-7.874984524295526
3000.9296875,-3.896563187631916
3000.93359375,-0.9054288177105612
3000.9375,-0.10592173149218809
3000.94140625,-2.0270845674312152
3000.9453125,-6.206680388565644
3000.94921875,-11.41957874598895
3000.953125,-16.353198991971865
3000.95703125,-20.333932530618107
3000.9609375,-23.64972224045181
3000.96484375,-27.213024776776543
3000.96875,-31.719732307951247
3000.97265625,-36.88620060579206
3000.9765625,-41.42877689918208
3000.98046875,-43.938275779374706
3000.984375,-43.98506971769058
3000.98828125,-42.49321834133248
3000.9921875,-41.084556937588914
3000.99609375,-41.01532059639359
3001.0,-42.504943116088235
3001.00390625,-44.724966345404404
3001.0078125,-46.277054619324076
3001.01171875,-45.930344132607686
3001.015625,-43.33999483322055
3001.01953125,-39.313047472263904
3001.0234375,-35.299097651773415
3001.02734375,-32.320633260427044
3001.03125,-30.075187010731078
3001.03515625,-26.91797280636643
3001.0390625,-20.86658979077903
3001.04296875,-11.061926119344282
3001.046875,1.2824997932983848
3001.05078125,13.182308909256271
3001.0546875,21.357114047423053
3001.05859375,23.955397149464172
3001.0625,21.422344895672627
3001.06640625,16.055775962218654
3001.0703125,10.712535455734876
3001.07421875,7.523519702395593
3001.078125,7.19240513225667
3001.08203125,8.993452912408692
3001.0859375,11.329983960223291
3001.08984375,12.601598108832995
3001.09375,12.026277120263664
3001.09765625,10.030640351005395
3001.1015625,7.964983729337373
3001.10546875,7.2242693349074685
3001.109375,8.232060360956023
3001.11328125,9.946621971965332
3001.1171875,10.347522883579067
3001.12109375,7.691245029291014
3001.125,1.5908452098530503
3001.12890625,-7.001992919417049
3001.1328125,-16.822296585368434
3001.13671875,-27.291418428334172
3001.140625,-38.69693942753539
3001.14453125,-51.75477544997848
3001.1484375,-67.20089572228498
3001.15234375,-85.60570436549132
3001.15625,-107.08809839525647
3001.16015625,-130.7608098011883
3001.1640625,-154.35523383707607
3001.16796875,-174.71993090500956
3001.171875,-189.26176139738473
3001.17578125,-197.43656173376166
3001.1796875,-201.13908230655778
3001.18359375,-203.58663429131977
3001.1875,-207.35746330163374
3001.19140625,-212.8423693352783
3001.1953125,-218.13477989105198
3001.19921875,-220.4256221648643
3001.203125,-217.93000404894238
3001.20703125,-211.06458343521902
3001.2109375,-202.18393382466803
3001.21484375,-194.11834060723385
3001.21875,-188.44157886112433
3001.22265625,-184.5347047306831
3001.2265625,-180.02451447258525
3001.23046875,-172.27505276996783
3001.234375,-159.87147069607124
3001.23828125,-143.10766022706548
3001.2421875,-123.4075809590841
3001.24609375,-102.46725094841332
3001.25,-81.79715598860413
3001.25390625,-62.601989856046124
3001.2578125,-45.64246128285133
3001.26171875,-31.126016744848812
3001.265625,-18.94523974758642
3001.26953125,-9.20989751221645
3001.2734375,-2.522800560179263
3001.27734375,0.4455156225218957
3001.28125,-0.1543515502726578
3001.28515625,-2.822471703306192
3001.2890625,-5.2383635394833234
3001.29296875,-5.669646328626641
3001.296875,-4.153982549221908
3001.30078125,-2.3459842745554482
3001.3046875,-2.089362257867627
3001.30859375,-4.021469504572181
3001.3125,-7.449256778708211
3001.31640625,-11.363662101116219
3001.3203125,-15.332018866085605
3001.32421875,-19.39908367749861
3001.328125,-23.466780580062334
3001.33203125,-27.209977003787493
3001.3359375,-30.732826650233427
3001.33984375,-35.01541421040339
3001.34375,-41.23975959321234
3001.34765625,-49.36454343259128
3001.3515625,-57.39161850327791
3001.35546875,-62.34042380037761
3001.359375,-62.3390158348366
3001.36328125,-58.06158988824521
3001.3671875,-52.20638313775742
3001.37109375,-47.43083254638186
3001.375,-44.53070555151035
3001.37890625,-42.33390810896823
3001.3828125,-39.09488685749775
3001.38671875,-33.88621915398066
3001.390625,-26.867456935993182
3001.39453125,-18.690164948428265
3001.3984375,-10.01014754560704
3001.40234375,-1.536217013132429
3001.40625,5.816110789070191
3001.41015625,11.210502188422712
3001.4140625,14.526413851036569
3001.41796875,16.703821391337843
3001.421875,19.297555119225105
3001.42578125,23.427932895376685
3001.4296875,28.905752028314815
3001.43359375,34.29172797921749
3001.4375,37.96411837174369
3001.44140625,39.40291203034545
3001.4453125,39.645428963299096
3001.44921875,40.54111282445571
3001.453125,43.403019804462836
3001.45703125,48.06000482440755
3001.4609375,52.97293996727165
3001.46484375,56.36388232831571
3001.46875,57.637347729357494
3001.47265625,58.10124440430468
3001.4765625,60.35050314468441
3001.48046875,66.56712909894055
3001.484375,76.90015973042391
3001.48828125,89.2084007544677
3001.4921875,100.39711028258364
3001.49609375,108.23349581268813
3001.5,112.29246615063178
3001.50390625,113.6732089923827
3001.5078125,114.08036449657077
3001.51171875,114.95528110021608
3001.515625,116.9274816419368
3001.51953125,119.5659047481248
3001.5234375,121.44264113036972
3001.52734375,120.66435640547333
3001.53125,115.91441061934252
3001.53515625,107.58022716841324
3001.5390625,98.11835282391316
3001.54296875,91.03429716988464
3001.546875,88.85983149782132
3001.55078125,91.53227197395317
3001.5546875,96.49206255514088
3001.55859375,100.45631263733843
3001.5625,101.4580981958808
3001.56640625,99.69999261044387
3001.5703125,96.92219211375718
3001.57421875,95.05151919038352
3001.578125,95.07197150763142
3001.58203125,96.62261554474564
3001.5859375,98.35290418373668
3001.58984375,98.76974067624897
3001.59375,97.17143881718391
3001.59765625,94.22087972237276
3001.6015625,91.79488151241546
3001.60546875,92.0758101644972
3001.609375,96.34387464535841
3001.61328125,104.22000017185121
3001.6171875,113.90247607727571
3001.62109375,123.28462928327909
3001.625,131.16929499280013
3001.62890625,137.7138997310645
3001.6328125,143.9033994904276
3001.63671875,150.61729324090243
3001.640625,157.98322550639688
3001.64453125,165.2571111232768
3001.6484375,171.1095239905193
3001.65234375,174.1943640090328
3001.65625,173.86728434272464
3001.66015625,170.71446746968056
3001.6640625,166.4691297690146
3001.66796875,163.21797962499727
3001.671875,162.33486192815215
3001.67578125,163.8335201152307
3001.6796875,166.54323758844126
3001.68359375,168.94811578286595
3001.6875,170.13923814774333
3001.69140625,170.2737978078178
3001.6953125,170.22851308503908
3001.69921875,170.70649253931782
3001.703125,171.48584508448198
3001.70703125,171.34083353918138
3001.7109375,168.61223942318625
3001.71484375,162.04119716145993
3001.71875,151.5013641893837
3001.72265625,138.34407670270537
3001.7265625,125.05192959785518
3001.73046875,114.13299766070648
3001.734375,106.82182877504277
3001.73828125,102.51439881852316
3001.7421875,99.34489390600848
3001.74609375,95.39678569407812
3001.75,89.67646372373592
3001.75390625,82.35116416821035
3001.7578125,74.32946335994106
3001.76171875,66.5917985755615
3001.765625,59.682313882664914
3001.76953125,53.58836917385345
3001.7734375,48.02376102789535
3001.77734375,42.943813244245035
3001.78125,38.96705915353951
3001.78515625,37.359275597839556
3001.7890625,39.42810099475085
3001.79296875,45.558478023933766
3001.796875,54.543360225603166
3001.80078125,63.92254453817415
3001.8046875,71.35383816981438
3001.80859375,76.0169183848988
3001.8125,78.84481906701399
3001.81640625,81.4586141064122
3001.8203125,84.91172178936668
3001.82421875,89.31881740434842
3001.828125,94.32035678250276
3001.83203125,99.52921518989552
3001.8359375,104.4296310294861
3001.83984375,108.08619513291043
3001.84375,109.36650850300092
3001.84765625,107.76680866152998
3001.8515625,104.08151739605424
3001.85546875,100.10717076540398
3001.859375,97.43839045047214
3001.86328125,96.31789760179797
3001.8671875,95.53586534686497
3001.87109375,93.45211020860586
3001.875,89.18329429430437
3001.87890625,82.90914843266732
3001.8828125,75.23051566468608
3001.88671875,66.45844994815374
3001.890625,56.57094671054902
3001.89453125,45.65737987570694
3001.8984375,34.16522491232409
3001.90234375,22.663678497790983
3001.90625,11.49632927414774
3001.91015625,0.7787934006011028
3001.9140625,-9.315161292408206
3001.91796875,-18.421527450725975
3001.921875,-26.216444740703096
3001.92578125,-32.71093023013411
3001.9296875,-38.170670687866334
3001.93359375,-42.596298120527194
3001.9375,-45.242851359460104
3001.94140625,-44.830537270596636
3001.9453125,-40.53355757315663
3001.94921875,-32.94593986625763
3001.953125,-24.05063177861561
3001.95703125,-16.107358943677255
3001.9609375,-10.431324766172054
3001.96484375,-7.117228495097052
3001.96875,-5.701265166168767
3001.97265625,-5.738626000405887
3001.9765625,-6.620376650642413
3001.98046875,-7.167691526117835
3001.984375,-5.895653729055908
3001.98828125,-1.966961209642264
3001.9921875,3.9866886565588544
3001.99609375,9.974078262863529
3002.0,13.799876283300556
3002.00390625,14.521482712205732
3002.0078125,13.052997477601487
3002.01171875,11.34553566469971
3002.015625,10.76307977126389
3002.01953125,10.967624011735396
3002.0234375,10.24294636299387
3002.02734375,7.041210292057812
3002.03125,1.4872079576547037
3002.03515625,-4.440472850334061
3002.0390625,-8.21825233159312
3002.04296875,-8.536699107464003
3002.046875,-6.155171897562241
3002.05078125,-3.1873335185484137
3002.0546875,-1.3943677952727924
3002.05859375,-0.9900347321766958
3002.0625,-1.0687298753355208
3002.06640625,-1.1117102880096112
3002.0703125,-1.8028460490410723
3002.07421875,-4.1445011123454805
3002.078125,-7.862517188881583
3002.08203125,-11.021249965659763
3002.0859375,-11.534393734883274
3002.08984375,-9.179658553139049
3002.09375,-6.0323198645385645
3002.09765625,-4.704988805318557
3002.1015625,-5.971486057155573
3002.10546875,-8.031432900642471
3002.109375,-8.09169931276491
3002.11328125,-4.704691872154157
3002.1171875,1.2795728639087471
3002.12109375,7.7314329095233845
3002.125,12.90483571257888
3002.12890625,16.153548770305562
3002.1328125,17.503492189173286
3002.13671875,17.134730177971086
3002.140625,15.512224297906048
3002.14453125,13.663997915903199
3002.1484375,12.718189197465687
3002.15234375,12.8308649594311
3002.15625,12.67630305587419
3002.16015625,10.311533844103451
3002.1640625,4.833587165034871
3002.16796875,-2.6385903050751907
3002.171875,-9.577312980491826
3002.17578125,-13.749926241073027
3002.1796875,-14.627597961547174
3002.18359375,-13.520183990972505
3002.1875,-12.554612717455484
3002.19140625,-13.411159337402296
3002.1953125,-16.73846449033141
3002.19921875,-22.455707951750185
3002.203125,-30.347287285649927
3002.20703125,-40.25662218817461
3002.2109375,-51.83820675913135
3002.21484375,-64.3864011105706
3002.21875,-77.06831913106264
3002.22265625,-89.31480354040849
3002.2265625,-100.93453893982179
3002.23046875,-111.82676970606408
3002.234375,-121.54839098269292
3002.23828125,-129.13805113219587
3002.2421875,-133.4312684245647
3002.24609375,-133.68150601886867
3002.25,-129.96459769207533
3002.25390625,-123.00514031537543
3002.2578125,-113.67274771143944
3002.26171875,-102.75894646053615
3002.265625,-91.23024166831749
3002.26953125,-80.45052307011068
3002.2734375,-71.81488479606213
3002.27734375,-65.9316437125434
3002.28125,-62.10692703204157
3002.28515625,-58.74844581067878
3002.2890625,-54.53136854654861
3002.29296875,-49.426180563584616
3002.296875,-44.65464895982926
3002.30078125,-41.504698052371886
3002.3046875,-40.03072831949875
3002.30859375,-38.89840346023093
3002.3125,-36.64341908900883
3002.31640625,-33.22730525116141
3002.3203125,-30.289295074988217
3002.32421875,-29.63017076108916
3002.328125,-31.38128552823631
3002.33203125,-33.88365203100969
3002.3359375,-35.54727311811923
3002.33984375,-36.732092323388216
3002.34375,-39.558392343639355
3002.34765625,-45.670060175209564
3002.3515625,-54.140420723218774
3002.35546875,-61.74511616073833
3002.359375,-65.53686324437703
3002.36328125,-65.25234778049656
3002.3671875,-63.14902021365936
3002.37109375,-61.44506015475229
3002.375,-59.94006231898784
3002.37890625,-56.138886672806265
3002.3828125,-47.64592676374173
3002.38671875,-34.485526280972465
3002.390625,-19.334011119101692
3002.39453125,-5.693994752923501
3002.3984375,4.30678309573198
3002.40234375,10.793947924801383
3002.40625,15.303710692270002
3002.41015625,19.168204308819092
3002.4140625,22.43365115481343
3002.41796875,24.030530401615213
3002.421875,23.01614247196767
3002.42578125,19.863767400826294
3002.4296875,16.518091343242872
3002.43359375,14.939126727004634
3002.4375,15.40507433345384
3002.44140625,16.18259044574536
3002.4453125,14.944020200359105
3002.44921875,10.815041043513844
3002.453125,5.327726355264019
3002.45703125,1.3156520417456115
3002.4609375,0.5946723772480453
3002.46484375,2.4909670233328427
3002.46875,4.484334055372358
3002.47265625,4.282413167859204
3002.4765625,1.51835381307054
3002.48046875,-2.257065438749322
3002.484375,-5.141700505377955
3002.48828125,-6.591671093995085
3002.4921875,-7.9246702805156986
3002.49609375,-11.46019997914108
3002.5,-19.03664424807418
3002.50390625,-30.721890359771784
3002.5078125,-44.45377607513166
3002.51171875,-57.07253346340906
3002.515625,-66.27640448401212
3002.51953125,-72.15265512114371
3002.5234375,-77.1101693632371
3002.52734375,-84.14061729798811
3002.53125,-94.56921075017577
3002.53515625,-106.94526366923581
3002.5390625,-117.93232357670932
3002.54296875,-124.58313734275285
3002.546875,-126.4361970696404
3002.55078125,-125.9866687786268
3002.5546875,-127.12705239208294
3002.55859375,-132.5831439543182
3002.5625,-142.12431454475114
3002.56640625,-152.7181992595729
3002.5703125,-160.43950754359253
3002.57421875,-162.89523448605692
3002.578125,-160.69895667286823
3002.58203125,-157.13705423752884
3002.5859375,-156.26123497543102
3002.58984375,-160.56985484347837
3002.59375,-169.68537527761984
3002.59765625,-180.7899594781714
3002.6015625,-190.39115362825532
3002.60546875,-196.18749522461746
3002.609375,-197.93667748512286
3002.61328125,-196.95883189591024
3002.6171875,-194.78157870087853
3002.62109375,-192.03848353659458
3002.625,-188.45869397324265
3002.62890625,-183.69613252318766
3002.6328125,-177.96287916286832
3002.63671875,-171.81768110432805
3002.640625,-165.57662232253523
3002.64453125,-159.3617785246073
3002.6484375,-153.94182979663654
3002.65234375,-151.1601773083337
3002.65625,-152.87923446663694
3002.66015625,-159.1610607397997
3002.6640625,-167.5454126302529
3002.66796875,-174.2679575273013
3002.671875,-176.42421787930016
3002.67578125,-173.4696480712749
3002.6796875,-167.20758399362975
3002.68359375,-160.41085512492495
3002.6875,-154.93508719265446
3002.69140625,-150.59275966008744
3002.6953125,-145.68680400867765
3002.69921875,-138.81782166332616
3002.703125,-130.36074674138027
3002.70703125,-122.06722398089255
3002.7109375,-114.97506428644786
3002.71484375,-107.92416293124907
3002.71875,-98.88341256312187
3002.72265625,-88.21780144386629
3002.7265625,-80.197983392537
3002.73046875,-80.16824070353962
3002.734375,-89.24595741051101
3002.73828125,-101.74780225738496
3002.7421875,-108.67781254507109
3002.74609375,-104.56562854637215
3002.75,-91.19214474617539
3002.75390625,-74.93257851061118
3002.7578125,-60.943869751881955
3002.76171875,-50.02395419168597
3002.765625,-40.50347228266841
3002.76953125,-32.157812564124654
3002.7734375,-27.408515896847874
3002.77734375,-28.44569161521092
3002.78125,-33.34574225110279
3002.78515625,-35.235922715448325
3002.7890625,-25.917171283608667
3002.79296875,-1.853496448960243
3002.796875,31.817308463820453
3002.80078125,63.096782983563386
3002.8046875,80.59233725486278
3002.80859375,81.3851957368372
3002.8125,72.85484116330659
3002.81640625,66.80293360495956
3002.8203125,70.86922825561794
3002.82421875,84.24410867442339
3002.828125,100.20927673922532
3002.83203125,111.87589355137285
3002.8359375,115.89537258017978
3002.83984375,112.67203771568357
3002.84375,105.28513705015264
3002.84765625,98.73295842575419
3002.8515625,98.5876764935406
3002.85546875,108.03435126458987
3002.859375,124.73567402247824
3002.86328125,140.67973657567225
3002.8671875,146.53235070938445
3002.87109375,137.99388778719765
3002.875,119.28620201362993
3002.87890625,101.03234414804379
3002.8828125,94.30983118024415
3002.88671875,104.94623500880454
3002.890625,130.8777507594887
3002.89453125,163.03341290390725
3002.8984375,188.88385678094943
3002.90234375,197.56888181505562
3002.90625,185.17506038213978
3002.91015625,157.57717218765288
3002.9140625,127.99649306150287
3002.91796875,109.38661620335817
3002.921875,106.39098653410723
3002.92578125,113.03540748719023
3002.9296875,118.2050734733104
3002.93359375,114.54231300956073
3002.9375,103.40309996471707
3002.94140625,92.0334779986386
3002.9453125,86.31664047061507
3002.94921875,86.32095211013855
3002.953125,88.50287536685484
3002.95703125,91.32859506879099
3002.9609375,97.51097739070347
3002.96484375,109.84150559021685
3002.96875,125.10965157681244
3002.97265625,133.5140437875495
3002.9765625,125.5791341947869
3002.98046875,100.8323095114678
3002.984375,70.34351562967566
3002.98828125,50.06334324265151
3002.9921875,49.449536307578285
3002.99609375,64.20609192509075
