time,normalized
2996.0,1.3299907648718536
2996.00390625,1.2004562334493563
2996.0078125,1.1097874513209194
2996.01171875,1.0763625814307054
2996.015625,1.0914747188201366
2996.01953125,1.1216765483515958
2996.0234375,1.126116100625715
2996.02734375,1.080419827249267
2996.03125,0.9928557135636595
2996.03515625,0.9006861414314735
2996.0390625,0.8458554281957205
2996.04296875,0.8449319301560667
2996.046875,0.875905919578306
2996.05078125,0.8934349451007102
2996.0546875,0.8612795512758652
2996.05859375,0.776452733444509
2996.0625,0.6671988380540185
2996.06640625,0.5694969169858649
2996.0703125,0.5036375091296783
2996.07421875,0.4680596672352581
2996.078125,0.4486058903333771
2996.08203125,0.4292200530809831
2996.0859375,0.39553951421374345
2996.08984375,0.33526342091294764
2996.09375,0.2426190392931139
2996.09765625,0.12536234626731696
2996.1015625,0.0038058190501329445
2996.10546875,-0.10349651755934218
2996.109375,-0.196791126761666
2996.11328125,-0.2973372073942706
2996.1171875,-0.4302387849424292
2996.12109375,-0.6026472605092624
2996.125,-0.7964664249607074
2996.12890625,-0.9800159660621175
2996.1328125,-1.1251889345155235
2996.13671875,-1.2141989847030332
2996.140625,-1.235018341534088
2996.14453125,-1.1785447114664684
2996.1484375,-1.0459571768607534
2996.15234375,-0.8581672496191501
2996.15625,-0.6524048370030059
2996.16015625,-0.46297980178829384
2996.1640625,-0.301709278069523
2996.16796875,-0.1581537175731531
2996.171875,-0.022411612670795066
2996.17578125,0.09069936145386104
2996.1796875,0.1412275492805241
2996.18359375,0.09055309462427356
2996.1875,-0.06724383967589276
2996.19140625,-0.2952016304505934
2996.1953125,-0.532643900961583
2996.19921875,-0.728852527127117
2996.203125,-0.8669557022618053
2996.20703125,-0.9639058653996555
2996.2109375,-1.0506177322042467
2996.21484375,-1.14703511894618
2996.21875,-1.246520741622397
2996.22265625,-1.3174985139425404
2996.2265625,-1.3214101441503847
2996.23046875,-1.2369881779539247
2996.234375,-1.0758510200755504
2996.23828125,-0.8787353344522779
2996.2421875,-0.6949456320340411
2996.24609375,-0.5597564255129265
2996.25,-0.4843013226036545
2996.25390625,-0.46069697477825683
2996.2578125,-0.47407404988219143
2996.26171875,-0.5123263545449216
2996.265625,-0.5707975802877912
2996.26953125,-0.6533340624164975
2996.2734375,-0.7694398393301335
2996.27734375,-0.9255188276257882
2996.28125,-1.1128164809457166
2996.28515625,-1.301814143308697
2996.2890625,-1.4515268278756004
2996.29296875,-1.529789186269281
2996.296875,-1.5291438425995425
2996.30078125,-1.4659459378175708
2996.3046875,-1.3660535260153714
2996.30859375,-1.252035550595786
2996.3125,-1.141181263511961
2996.31640625,-1.048109901835651
2996.3203125,-0.9803980953978771
2996.32421875,-0.9280360996827373
2996.328125,-0.8618238788969268
2996.33203125,-0.751579427490298
2996.3359375,-0.5936803988171919
2996.33984375,-0.4221326345202321
2996.34375,-0.2872961172856035
2996.34765625,-0.21573625741316552
2996.3515625,-0.18582184391563386
2996.35546875,-0.1430401495500456
2996.359375,-0.04348943303406716
2996.36328125,0.11180204326848539
2996.3671875,0.27978071606985044
2996.37109375,0.4105040414147283
2996.375,0.48438189883983224
2996.37890625,0.5229915253082716
2996.3828125,0.5683684203367292
2996.38671875,0.6501384548941949
2996.390625,0.7651014449662633
2996.39453125,0.8794779823222618
2996.3984375,0.9474422948237174
2996.40234375,0.9331281946088569
2996.40625,0.8255529251420806
2996.41015625,0.6416753944105427
2996.4140625,0.4183504284398645
2996.41796875,0.19728766677296317
2996.421875,0.009395339108704511
2996.42578125,-0.1339711624765422
2996.4296875,-0.23868182904095317
2996.43359375,-0.3172195361267194
2996.4375,-0.3769636281030942
2996.44140625,-0.41376905222929067
2996.4453125,-0.41350791369060225
2996.44921875,-0.3597543736878549
2996.453125,-0.2431412171122125
2996.45703125,-0.068373309096158
2996.4609375,0.144301428216017
2996.46484375,0.36569884447653983
2996.46875,0.5707126635071098
2996.47265625,0.7498751165908474
2996.4765625,0.9106667308023346
2996.48046875,1.0665535963910189
2996.484375,1.2213262143930677
2996.48828125,1.3610798191997104
2996.4921875,1.4606024660426091
2996.49609375,1.4986588535151906
2996.5,1.4698519966416357
2996.50390625,1.3857752840190687
2996.5078125,1.2675166201882317
2996.51171875,1.135354672085634
2996.515625,0.999859542015145
2996.51953125,0.8575216339865386
2996.5234375,0.6945596215369345
2996.52734375,0.500280513217528
2996.53125,0.28405162605529055
2996.53515625,0.08266475126404284
2996.5390625,-0.05295194676640519
2996.54296875,-0.08768684566990531
2996.546875,-0.028121913294502126
2996.55078125,0.07724887524143725
2996.5546875,0.1661726820212818
2996.55859375,0.19946364307068623
2996.5625,0.18035834626588926
2996.56640625,0.14466049531033118
2996.5703125,0.13236357513847025
2996.57421875,0.16291301044392278
2996.578125,0.22917486815786572
2996.58203125,0.3090284090771191
2996.5859375,0.3826016549273988
2996.58984375,0.4434618606568101
2996.59375,0.4995962521399002
2996.59765625,0.5668205925239472
2996.6015625,0.6588181950539233
2996.60546875,0.7770407810208125
2996.609375,0.9047622411740449
2996.61328125,1.0104682388888109
2996.6171875,1.061045633252612
2996.62109375,1.0375218415342855
2996.625,0.9436465260440299
2996.62890625,0.8028175994597035
2996.6328125,0.6469980645010843
2996.63671875,0.5053011008978454
2996.640625,0.39613911638821375
2996.64453125,0.32154648385530404
2996.6484375,0.26461400037298743
2996.65234375,0.19653729849183457
2996.65625,0.09595394006364645
2996.66015625,-0.029925856467394377
2996.6640625,-0.14101896771687644
2996.66796875,-0.1870086705555419
2996.671875,-0.1450855405755946
2996.67578125,-0.04394018191746721
2996.6796875,0.04749444937587099
2996.68359375,0.05976198064343384
2996.6875,-0.03786051987789325
2996.69140625,-0.22431270883585658
2996.6953125,-0.44465655707747354
2996.69921875,-0.6435054210635224
2996.703125,-0.7917207899215122
2996.70703125,-0.8927286396562932
2996.7109375,-0.9696784597692524
2996.71484375,-1.0441483060925614
2996.71875,-1.1188336899544231
2996.72265625,-1.1733692121218353
2996.7265625,-1.1749411471737459
2996.73046875,-1.0969117120394973
2996.734375,-0.9345319366507231
2996.73828125,-0.7084143184992772
2996.7421875,-0.4532860420664812
2996.74609375,-0.1993305636937935
2996.75,0.04128853139788975
2996.75390625,0.2744521896101785
2996.7578125,0.5116322674766178
2996.76171875,0.7530754955176407
2996.765625,0.97727241369725
2996.76953125,1.1439782282456086
2996.7734375,1.2098549658522073
2996.77734375,1.1490365329906151
2996.78125,0.9689540543143974
2996.78515625,0.7122270363053044
2996.7890625,0.4398491929105672
2996.79296875,0.20252855109631815
2996.796875,0.018144815752382717
2996.80078125,-0.12911266582056058
2996.8046875,-0.26843519508451763
2996.80859375,-0.4173334562324319
2996.8125,-0.5702649806998302
2996.81640625,-0.7056572628110808
2996.8203125,-0.7999504531046943
2996.82421875,-0.8358096169066795
2996.828125,-0.8040029200841851
2996.83203125,-0.7063102345312985
2996.8359375,-0.5605721447359944
2996.83984375,-0.399671466739375
2996.84375,-0.25809095802265763
2996.84765625,-0.15244452443170142
2996.8515625,-0.07250706396006026
2996.85546875,0.006569789404331144
2996.859375,0.09961970840747743
2996.86328125,0.1961796587086042
2996.8671875,0.26723205837058367
2996.87109375,0.28522697456062057
2996.875,0.23819797337667775
2996.87890625,0.1280289444497115
2996.8828125,-0.04007198462406047
2996.88671875,-0.26267788367862865
2996.890625,-0.5329374396553426
2996.89453125,-0.8340978156778889
2996.8984375,-1.1419362378729687
2996.90234375,-1.434312606236455
2996.90625,-1.6967031279705884
2996.91015625,-1.9164102833087286
2996.9140625,-2.0710411738418
2996.91796875,-2.1257366600766012
2996.921875,-2.047612665741256
2996.92578125,-1.8290198064633716
2996.9296875,-1.5008970091806801
2996.93359375,-1.1240149940047988
2996.9375,-0.7623546735198254
2996.94140625,-0.4559155671486952
2996.9453125,-0.21076829654206336
2996.94921875,-0.01138484376434729
2996.953125,0.15579719986921992
2996.95703125,0.28517440643186365
2996.9609375,0.35267747111301573
2996.96484375,0.33316665211985425
2996.96875,0.22196097785670543
2996.97265625,0.04550559579562103
2996.9765625,-0.14592113987050365
2996.98046875,-0.29960835076686815
2996.984375,-0.38471232313531945
2996.98828125,-0.40592076877142885
2996.9921875,-0.39740868594928164
2996.99609375,-0.39950025882474394
2997.0,-0.43204338436254514
2997.00390625,-0.48147410153561626
2997.0078125,-0.5104734171789362
2997.01171875,-0.484456850322472
2997.015625,-0.3969446270939267
2997.01953125,-0.27548255343426004
2997.0234375,-0.1628989905024938
2997.02734375,-0.08643198409893742
2997.03125,-0.03703550766583068
2997.03515625,0.024686973004111767
2997.0390625,0.1385183017653338
2997.04296875,0.31257495781536665
2997.046875,0.5148337428905635
2997.05078125,0.6962614056575583
2997.0546875,0.827210515760448
2997.05859375,0.9166257327232953
2997.0625,0.9982108756820328
2997.06640625,1.097213817491809
2997.0703125,1.2082762536675002
2997.07421875,1.3022574627046444
2997.078125,1.35161726821835
2997.08203125,1.349005888794226
2997.0859375,1.3043297520861017
2997.08984375,1.227775613341375
2997.09375,1.118427761124696
2997.09765625,0.9700899494247438
2997.1015625,0.7869646042895584
2997.10546875,0.5921680923152361
2997.109375,0.42036096024626884
2997.11328125,0.3001571407190017
2997.1171875,0.23853128732056939
2997.12109375,0.21748265539280517
2997.125,0.20674546344516162
2997.12890625,0.18635867867595496
2997.1328125,0.16394199393099065
2997.13671875,0.17171652033933996
2997.140625,0.24059791779036868
2997.14453125,0.3677482086105858
2997.1484375,0.5056817244498415
2997.15234375,0.5890239452612859
2997.15625,0.5824134115385805
2997.16015625,0.5092561727286635
2997.1640625,0.43289892188651274
2997.16796875,0.402773912150178
2997.171875,0.4114303541563162
2997.17578125,0.40034468364854725
2997.1796875,0.3076993817151011
2997.18359375,0.11358651845402677
2997.1875,-0.15501386221922978
2997.19140625,-0.45572629113406155
2997.1953125,-0.7630623729069964
2997.19921875,-1.0722613796085243
2997.203125,-1.3789887185617054
2997.20703125,-1.6640286931644104
2997.2109375,-1.9032580806895085
2997.21484375,-2.092043394748275
2997.21875,-2.25494638988024
2997.22265625,-2.4252024414386906
2997.2265625,-2.6088695041409062
2997.23046875,-2.766059261352718
2997.234375,-2.8293387083035255
2997.23828125,-2.748013009577202
2997.2421875,-2.525083392171844
2997.24609375,-2.2191894656000266
2997.25,-1.910120395041752
2997.25390625,-1.65256784343003
2997.2578125,-1.4500545182509774
2997.26171875,-1.2652597208182406
2997.265625,-1.0566887671919347
2997.26953125,-0.8137120063725034
2997.2734375,-0.5648023120619958
2997.27734375,-0.35474240042034033
2997.28125,-0.2095719068152541
2997.28515625,-0.11636815814890134
2997.2890625,-0.033292541794552565
2997.29296875,0.07822112045355886
2997.296875,0.22509463056709367
2997.30078125,0.38024140039875093
2997.3046875,0.5058287631626529
2997.30859375,0.5816175041316746
2997.3125,0.6168472006361078
2997.31640625,0.63988159106987
2997.3203125,0.6773696819268145
2997.32421875,0.7396080242114614
2997.328125,0.8188778601159942
2997.33203125,0.8955358854991025
2997.3359375,0.9450457353105254
2997.33984375,0.9452254385221658
2997.34375,0.8856602592370649
2997.34765625,0.7762790873089506
2997.3515625,0.6461958990062197
2997.35546875,0.5274411346451285
2997.359375,0.43212255261083454
2997.36328125,0.34161935487839273
2997.3671875,0.21889355929881965
2997.37109375,0.03564601383265156
2997.375,-0.2063943951632497
2997.37890625,-0.47553301772137113
2997.3828125,-0.7298784478850041
2997.38671875,-0.9412902013037175
2997.390625,-1.1076802969589528
2997.39453125,-1.2473551940498668
2997.3984375,-1.3786418361240669
2997.40234375,-1.4950942438726227
2997.40625,-1.552062593239344
2997.41015625,-1.4789434485411548
2997.4140625,-1.2170708961956878
2997.41796875,-0.7620926387822164
2997.421875,-0.17937633487384244
2997.42578125,0.4244010028953988
2997.4296875,0.9567684358165517
2997.43359375,1.380876609922988
2997.4375,1.7122806107588553
2997.44140625,1.9796367647210817
2997.4453125,2.188269478529881
2997.44921875,2.3180987917182905
2997.453125,2.350793183114997
2997.45703125,2.2928447990554472
2997.4609375,2.1699536852436028
2997.46484375,2.0022281956736743
2997.46875,1.7903915449699936
2997.47265625,1.5288855059220254
2997.4765625,1.2306721854496703
2997.48046875,0.9349092381533
2997.484375,0.6865925669585121
2997.48828125,0.5074357684067564
2997.4921875,0.386801700201495
2997.49609375,0.3005742069333321
2997.5,0.23878565239530836
2997.50390625,0.2170998506225708
2997.5078125,0.26388189056103906
2997.51171875,0.3946099636670422
2997.515625,0.5926724444492367
2997.51953125,0.8087323096960464
2997.5234375,0.9791851760593164
2997.52734375,1.0551058675138227
2997.53125,1.0269196945126395
2997.53515625,0.9285746102082942
2997.5390625,0.8140431871599225
2997.54296875,0.7183449306218666
2997.546875,0.631074183364942
2997.55078125,0.5047617050516388
2997.5546875,0.2931389043648955
2997.55859375,-0.010890431837519065
2997.5625,-0.3669409475074496
2997.56640625,-0.711796626114554
2997.5703125,-0.993972713622509
2997.57421875,-1.1926548287669876
2997.578125,-1.3152221076692254
2997.58203125,-1.3856110892034073
2997.5859375,-1.4348646547320265
2997.58984375,-1.4924611566130963
2997.59375,-1.572129733789221
2997.59765625,-1.6564483947031245
2997.6015625,-1.6961616345472865
2997.60546875,-1.6343417546248569
2997.609375,-1.4438071836877924
2997.61328125,-1.1496485179959595
2997.6171875,-0.8161003134983837
2997.62109375,-0.5053463871043943
2997.625,-0.24041767738253506
2997.62890625,-0.0016933405216718186
2997.6328125,0.2418781183725646
2997.63671875,0.49487742380704547
2997.640625,0.7230753121842902
2997.64453125,0.8751364467663563
2997.6484375,0.9178712897775931
2997.65234375,0.8558014590337603
2997.65625,0.7220990265504567
2997.66015625,0.55304811703826
2997.6640625,0.3697735069261672
2997.66796875,0.17986064260126938
2997.671875,-0.008720616571579427
2997.67578125,-0.17824906506825008
2997.6796875,-0.3069634672876156
2997.68359375,-0.3858873281721786
2997.6875,-0.43019907043518013
2997.69140625,-0.47003236680185256
2997.6953125,-0.5244233713564099
2997.69921875,-0.5814476453658385
2997.703125,-0.6062987678300011
2997.70703125,-0.5754487781456571
2997.7109375,-0.5083488713317796
2997.71484375,-0.4638945150381174
2997.71875,-0.49734658179029084
2997.72265625,-0.6121288580958417
2997.7265625,-0.7505324419729908
2997.73046875,-0.834756684112342
2997.734375,-0.8247736646944299
2997.73828125,-0.744578073343411
2997.7421875,-0.6572573988841793
2997.74609375,-0.6140308347085209
2997.75,-0.6205143809407475
2997.75390625,-0.6418399901905383
2997.7578125,-0.6334772546314197
2997.76171875,-0.569227920478881
2997.765625,-0.4490594038296818
2997.76953125,-0.2904464115727983
2997.7734375,-0.11690740886260241
2997.77734375,0.049022889494764764
2997.78125,0.19081023653782878
2997.78515625,0.30326052130503284
2997.7890625,0.39443240932475515
2997.79296875,0.47967938669597354
2997.796875,0.5701103057890563
2997.80078125,0.6639028439068609
2997.8046875,0.7471872244420966
2997.80859375,0.8028417498407454
2997.8125,0.8193282152503962
2997.81640625,0.7943936720803336
2997.8203125,0.7351474523128442
2997.82421875,0.656644635685202
2997.828125,0.5767162457343836
2997.83203125,0.5055785050716028
2997.8359375,0.4365389826525244
2997.83984375,0.34906002479076653
2997.84375,0.22851849019403195
2997.84765625,0.09011470370705138
2997.8515625,-0.016904565538427865
2997.85546875,-0.036722382523377055
2997.859375,0.0517480163551034
2997.86328125,0.21495716288635924
2997.8671875,0.3845688681939411
2997.87109375,0.5003319839174271
2997.875,0.5415748068220424
2997.87890625,0.5277281281809307
2997.8828125,0.49698295674693355
2997.88671875,0.48570346959705735
2997.890625,0.5198883932586222
2997.89453125,0.611887927818719
2997.8984375,0.7544538799391124
2997.90234375,0.9187682640722252
2997.90625,1.0686130653105568
2997.91015625,1.1869216587700038
2997.9140625,1.2924084494656125
2997.91796875,1.4272597808577168
2997.921875,1.6214734214824693
2997.92578125,1.8621308652930915
2997.9296875,2.0943944600438034
2997.93359375,2.25506895926958
2997.9375,2.312908655638644
2997.94140625,2.2862365647925045
2997.9453125,2.2274987127723365
2997.94921875,2.1875809657603753
2997.953125,2.184329226303899
2997.95703125,2.195328582290869
2997.9609375,2.1789795534061516
2997.96484375,2.109302755031002
2997.96875,1.9996312543881083
2997.97265625,1.8972091262397925
2997.9765625,1.8521447566043456
2997.98046875,1.8835384394406565
2997.984375,1.96713052446551
2997.98828125,2.0522036428840362
2997.9921875,2.0938975990746718
2997.99609375,2.0770591414623207
2998.0,2.0172775179509594
2998.00390625,1.9440095529729124
2998.0078125,1.8807685507950775
2998.01171875,1.8326969780962732
2998.015625,1.783672277201968
2998.01953125,1.7023565622146715
2998.0234375,1.5566830749937093
2998.02734375,1.333541096384277
2998.03125,1.0545533209391624
2998.03515625,0.7757473187658414
2998.0390625,0.5656342912290689
2998.04296875,0.47181719853946896
2998.046875,0.49808552791918603
2998.05078125,0.6081251154486264
2998.0546875,0.7508256076915197
2998.05859375,0.8856161265679933
2998.0625,0.9905089865386377
2998.06640625,1.0549616236301609
2998.0703125,1.0732337004866712
2998.07421875,1.047557254989201
2998.078125,0.9929602430788808
2998.08203125,0.9297340566391477
2998.0859375,0.8644027949764395
2998.08984375,0.7784259946922186
2998.09375,0.6420250314395566
2998.09765625,0.44638290991475754
2998.1015625,0.22505864673250792
2998.10546875,0.040540762049723456
2998.109375,-0.05703405405940812
2998.11328125,-0.06474559203210911
2998.1171875,-0.025235409264599877
2998.12109375,0.009554419647071396
2998.125,0.017561939767146692
2998.12890625,0.016730501282994616
2998.1328125,0.04212864857330678
2998.13671875,0.11418169972987104
2998.140625,0.22449991234038316
2998.14453125,0.34538839563116464
2998.1484375,0.4491535711998612
2998.15234375,0.5202109694321259
2998.15625,0.554583378955607
2998.16015625,0.5539662346501133
2998.1640625,0.5230670165883554
2998.16796875,0.47025385405905096
2998.171875,0.4053256434193924
2998.17578125,0.3323310771839801
2998.1796875,0.2429366590277996
2998.18359375,0.11714172292061935
2998.1875,-0.0670260784226412
2998.19140625,-0.3197156085299981
2998.1953125,-0.6298130852376456
2998.19921875,-0.966305275295361
2998.203125,-1.290757493376917
2998.20703125,-1.575248810309111
2998.2109375,-1.8161794060808616
2998.21484375,-2.0337624860362333
2998.21875,-2.253235636009751
2998.22265625,-2.4767443989525173
2998.2265625,-2.6662900287556295
2998.23046875,-2.756530011140464
2998.234375,-2.69638683649836
2998.23828125,-2.4919052889412465
2998.2421875,-2.21446917780552
2998.24609375,-1.961713062646965
2998.25,-1.79667298651837
2998.25390625,-1.711076117371262
2998.2578125,-1.641643105354632
2998.26171875,-1.525767689685499
2998.265625,-1.351707615266671
2998.26953125,-1.1665029161681368
2998.2734375,-1.0414220196050101
2998.27734375,-1.0246671122445634
2998.28125,-1.113301354095965
2998.28515625,-1.2567377350277824
2998.2890625,-1.3825854884976996
2998.29296875,-1.4280330530545604
2998.296875,-1.364359136412643
2998.30078125,-1.20660590077629
2998.3046875,-1.0034807657698528
2998.30859375,-0.8112818323494068
2998.3125,-0.6665652451850393
2998.31640625,-0.5733598814553963
2998.3203125,-0.5102312465946612
2998.32421875,-0.4501917900062704
2998.328125,-0.38020324962512464
2998.33203125,-0.3086884623299125
2998.3359375,-0.257549699579496
2998.33984375,-0.2446905865776537
2998.34375,-0.26893429857894036
2998.34765625,-0.3094918799245479
2998.3515625,-0.3439736550503636
2998.35546875,-0.37250029482433805
2998.359375,-0.4243057423315689
2998.36328125,-0.5348545126566708
2998.3671875,-0.7110345478233824
2998.37109375,-0.9186502769783038
2998.375,-1.1074079676351256
2998.37890625,-1.2503723829025373
2998.3828125,-1.358733855260938
2998.38671875,-1.4581303959112482
2998.390625,-1.5536285732432569
2998.39453125,-1.6221813161637464
2998.3984375,-1.6400037254713622
2998.40234375,-1.6114201051963135
2998.40625,-1.5614123608036965
2998.41015625,-1.4946486338940412
2998.4140625,-1.3668155612465742
2998.41796875,-1.1093134781300622
2998.421875,-0.6953577045843372
2998.42578125,-0.1886459045999379
2998.4296875,0.2749215731428965
2998.43359375,0.5648799128498072
2998.4375,0.6350789655874122
2998.44140625,0.5450421640493873
2998.4453125,0.4110671050549734
2998.44921875,0.32687774537547587
2998.453125,0.3107130944234117
2998.45703125,0.30904110200524176
2998.4609375,0.24536783463579898
2998.46484375,0.07673824622559876
2998.46875,-0.17937522404983466
2998.47265625,-0.4618775398383318
2998.4765625,-0.7087278094260236
2998.48046875,-0.8914011000579463
2998.484375,-1.0176076308661974
2998.48828125,-1.1050244238716334
2998.4921875,-1.1523382223957215
2998.49609375,-1.1363109447906947
2998.5,-1.0377631986748928
2998.50390625,-0.8690105720821995
2998.5078125,-0.6746829101598999
2998.51171875,-0.5059298550543272
2998.515625,-0.3919434110883708
2998.51953125,-0.33126386670533825
2998.5234375,-0.30461235338820436
2998.52734375,-0.2916763156969391
2998.53125,-0.27553613562768586
2998.53515625,-0.23851720173471327
2998.5390625,-0.16651186425609993
2998.54296875,-0.06683156471283354
2998.546875,0.018118694888523537
2998.55078125,0.023773661773732767
2998.5546875,-0.09646794302692119
2998.55859375,-0.33198507788278436
2998.5625,-0.6109802378873439
2998.56640625,-0.8397316556445674
2998.5703125,-0.9566026830564633
2998.57421875,-0.9615705083608616
2998.578125,-0.9046371447249626
2998.58203125,-0.8479754169430423
2998.5859375,-0.8306408599977103
2998.58984375,-0.8549776963085028
2998.59375,-0.8945649006070506
2998.59765625,-0.9132138276442158
2998.6015625,-0.8857248858508845
2998.60546875,-0.8123703032451149
2998.609375,-0.7179455647701807
2998.61328125,-0.6331193911854107
2998.6171875,-0.5715206909351125
2998.62109375,-0.523727425768635
2998.625,-0.475666158644514
2998.62890625,-0.43331493429800383
2998.6328125,-0.4244113020388778
2998.63671875,-0.46852426880208753
2998.640625,-0.5436557481508375
2998.64453125,-0.5896533009695952
2998.6484375,-0.5556256196855711
2998.65234375,-0.4507777924693788
2998.65625,-0.3464703563889103
2998.66015625,-0.31809378502808533
2998.6640625,-0.37394545176558636
2998.66796875,-0.43881332686192304
2998.671875,-0.41542880013382466
2998.67578125,-0.2732193421716335
2998.6796875,-0.08289691326634414
2998.68359375,0.038050706331366105
2998.6875,0.022050756666182624
2998.69140625,-0.09548430429481418
2998.6953125,-0.21146893798650213
2998.69921875,-0.2436056268871053
2998.703125,-0.19376760816774513
2998.70703125,-0.13667936280441878
2998.7109375,-0.15153414475103075
2998.71484375,-0.2584491890270447
2998.71875,-0.4077980255100457
2998.72265625,-0.5193636968127155
2998.7265625,-0.5324407267949027
2998.73046875,-0.4328809940441655
2998.734375,-0.24948919421846444
2998.73828125,-0.03295291636767
2998.7421875,0.16523957366766553
2998.74609375,0.3060380229925356
2998.75,0.37107735572780404
2998.75390625,0.36889917474921824
2998.7578125,0.3348806072398535
2998.76171875,0.3176187069973677
2998.765625,0.35191077587052044
2998.76953125,0.4330575981561583
2998.7734375,0.5153683481164828
2998.77734375,0.5438919894509356
2998.78125,0.49851391163361314
2998.78515625,0.4140467928973745
2998.7890625,0.3576984966793122
2998.79296875,0.3797802192312015
2998.796875,0.4749148543760758
2998.80078125,0.5841914684805147
2998.8046875,0.6385250423281
2998.80859375,0.6111502950501234
2998.8125,0.5380596252700849
2998.81640625,0.4881493473526473
2998.8203125,0.5037202912795382
2998.82421875,0.5574092283523989
2998.828125,0.5626163877998354
2998.83203125,0.43446732530804805
2998.8359375,0.15573965128301487
2998.83984375,-0.2056188224560993
2998.84375,-0.5403790902543877
2998.84765625,-0.7630745632063892
2998.8515625,-0.8459976725528017
2998.85546875,-0.8086185484018024
2998.859375,-0.6912406192982823
2998.86328125,-0.5431643197211672
2998.8671875,-0.4234472617947142
2998.87109375,-0.3903313844260005
2998.875,-0.47079860517543637
2998.87890625,-0.6341582066230053
2998.8828125,-0.8010986753641792
2998.88671875,-0.8906297018122855
2998.890625,-0.8715367067592333
2998.89453125,-0.778374909510181
2998.8984375,-0.6821692822624712
2998.90234375,-0.6423966211279313
2998.90625,-0.6730343880968995
2998.91015625,-0.7361212185478694
2998.9140625,-0.7615175462690073
2998.91796875,-0.6854199089497957
2998.921875,-0.4902847557525829
2998.92578125,-0.22179685507105906
2998.9296875,0.032464904241973486
2998.93359375,0.19466202696067061
2998.9375,0.24591025558179075
2998.94140625,0.23511429215304888
2998.9453125,0.23852623964442782
2998.94921875,0.303095500535464
2998.953125,0.4175615851163587
2998.95703125,0.5264585132302806
2998.9609375,0.5689721481802004
2998.96484375,0.5150225113257073
2998.96875,0.38129903758385764
2998.97265625,0.22330732231272016
2998.9765625,0.10686166003347461
2998.98046875,0.0696715956874169
2998.984375,0.09539973695347694
2998.98828125,0.12363714234832428
2998.9921875,0.09456127554820953
2998.99609375,-0.005934064154108885
2999.0,-0.1402941210367449
2999.00390625,-0.25780210939653403
2999.0078125,-0.33785613999829234
2999.01171875,-0.3926716394366949
2999.015625,-0.43138129835135286
2999.01953125,-0.4341088942363137
2999.0234375,-0.3711470134004688
2999.02734375,-0.24473303326020046
2999.03125,-0.09977764621843092
2999.03515625,0.016154931383886066
2999.0390625,0.10095999956178438
2999.04296875,0.19406121804959198
2999.046875,0.3151589488324849
2999.05078125,0.41034118721222557
2999.0546875,0.374296731880569
2999.05859375,0.14358438521311237
2999.0625,-0.22294298150755248
2999.06640625,-0.5599395467153839
2999.0703125,-0.7039998660005781
2999.07421875,-0.6036929377145631
2999.078125,-0.34040919969531586
2999.08203125,-0.051106585562829016
2999.0859375,0.17475824306849674
2999.08984375,0.3401375682193657
2999.09375,0.5027046365964729
2999.09765625,0.702558757588817
2999.1015625,0.9237274469908111
2999.10546875,1.116355317111687
2999.109375,1.2497329862926623
2999.11328125,1.3432680065063698
2999.1171875,1.4461500216454064
2999.12109375,1.584018535225117
2999.125,1.7217709110013486
2999.12890625,1.7795418813783435
2999.1328125,1.6946374821107042
2999.13671875,1.4805827283848865
2999.140625,1.2306139657865747
2999.14453125,1.0583473790296034
2999.1484375,1.025166748814786
2999.15234375,1.1134838204933628
2999.15625,1.2596159493259287
2999.16015625,1.4091744659044332
2999.1640625,1.546702097530792
2999.16796875,1.6827948675500641
2999.171875,1.8236278538962427
2999.17578125,1.9595990856413237
2999.1796875,2.0819659676477245
2999.18359375,2.2019842373246057
2999.1875,2.3448611145911826
2999.19140625,2.5206105792559135
2999.1953125,2.7005080360984626
2999.19921875,2.82396083769304
2999.203125,2.8331860596150245
2999.20703125,2.709453263191211
2999.2109375,2.483941056359409
2999.21484375,2.2169449911649486
2999.21875,1.9641647983213555
2999.22265625,1.7564462724460932
2999.2265625,1.602672989848106
2999.23046875,1.5040867916418326
2999.234375,1.4640677023091129
2999.23828125,1.4868803617834359
2999.2421875,1.5681416656250373
2999.24609375,1.6858131382450205
2999.25,1.802494057901673
2999.25390625,1.8824993966751222
2999.2578125,1.9137032783189094
2999.26171875,1.9169825528379039
2999.265625,1.9330589814412187
2999.26953125,1.9932709090149696
2999.2734375,2.0942928349595498
2999.27734375,2.1951633108669406
2999.28125,2.2391517904584908
2999.28515625,2.1859126741968833
2999.2890625,2.033352529269213
2999.29296875,1.816441138281485
2999.296875,1.5838700655924536
2999.30078125,1.3650594483087788
2999.3046875,1.1491792435727823
2999.30859375,0.8965552738002984
2999.3125,0.5788749139188213
2999.31640625,0.21549473383176437
2999.3203125,-0.12668611407666497
2999.32421875,-0.37223173453537334
2999.328125,-0.48747755369399093
2999.33203125,-0.5059595606635827
2999.3359375,-0.5085642391341222
2999.33984375,-0.5683477992002606
2999.34375,-0.6953147935547711
2999.34765625,-0.8201325151534156
2999.3515625,-0.8340188657279095
2999.35546875,-0.6635660669098469
2999.359375,-0.32770967583431837
2999.36328125,0.07002385129161817
2999.3671875,0.41170024809227956
2999.37109375,0.640662188258435
2999.375,0.7790298204793366
2999.37890625,0.8791854804643985
2999.3828125,0.9668582864314229
2999.38671875,1.0342774493746514
2999.390625,1.0768194287343429
2999.39453125,1.1169433468824688
2999.3984375,1.1817982013814858
2999.40234375,1.2607213650159856
2999.40625,1.2958656182555799
2999.41015625,1.2266394398633063
2999.4140625,1.0502837206674625
2999.41796875,0.8379732011345629
2999.421875,0.6864854052639159
2999.42578125,0.6474230609146556
2999.4296875,0.6931929507908894
2999.43359375,0.7416858450404672
2999.4375,0.7160140326350244
2999.44140625,0.5975277402309157
2999.4453125,0.4388717246713763
2999.44921875,0.32720280788556355
2999.453125,0.31766336898076886
2999.45703125,0.3813436707433107
2999.4609375,0.4113891658787618
2999.46484375,0.2950661985621918
2999.46875,0.005757868636544429
2999.47265625,-0.35900308674142034
2999.4765625,-0.6339168781786683
2999.48046875,-0.6998323213047247
2999.484375,-0.565759015387619
2999.48828125,-0.3553088631397856
2999.4921875,-0.21483496355343762
2999.49609375,-0.2205826132260057
2999.5,-0.3516225814503714
2999.50390625,-0.5331692896219838
2999.5078125,-0.7011706919577724
2999.51171875,-0.8357461298798659
2999.515625,-0.9488918910657476
2999.51953125,-1.0503670161874552
2999.5234375,-1.126036300159438
2999.52734375,-1.146198229584163
2999.53125,-1.0951487079275406
2999.53515625,-0.9956827567338088
2999.5390625,-0.9047746789532026
2999.54296875,-0.8779824557135959
2999.546875,-0.9266166829964615
2999.55078125,-1.00357194137983
2999.5546875,-1.0355937516543274
2999.55859375,-0.9810136538065709
2999.5625,-0.8671839808090511
2999.56640625,-0.7749635635164721
2999.5703125,-0.7784421695870893
2999.57421875,-0.8850337566911397
2999.578125,-1.0240344911363595
2999.58203125,-1.0953104063117698
2999.5859375,-1.0425879888059615
2999.58984375,-0.8961995309342928
2999.59375,-0.7526837211468673
2999.59765625,-0.7053624118987993
2999.6015625,-0.7761650453529662
2999.60546875,-0.8990095901641925
2999.609375,-0.968650880178339
2999.61328125,-0.9196932470967458
2999.6171875,-0.7754573484596242
2999.62109375,-0.6296802900627642
2999.625,-0.5775257210129259
2999.62890625,-0.6499254146252822
2999.6328125,-0.7990805907577224
2999.63671875,-0.9417958028786497
2999.640625,-1.0229269194132034
2999.64453125,-1.0485951298029315
2999.6484375,-1.0679295232901003
2999.65234375,-1.1244234079210507
2999.65625,-1.2173802463616037
2999.66015625,-1.3016019060688746
2999.6640625,-1.3240386445903378
2999.66796875,-1.2687024812325547
2999.671875,-1.1725131027707874
2999.67578125,-1.0944402006922576
2999.6796875,-1.0593587717062711
2999.68359375,-1.0254105630299495
2999.6875,-0.9096662124938164
2999.69140625,-0.6581575940068473
2999.6953125,-0.30497962588080035
2999.69921875,0.0315670660025326
2999.703125,0.21914559658379848
2999.70703125,0.19563241162613132
2999.7109375,0.0036274343647132684
2999.71484375,-0.24468597714418372
2999.71875,-0.4375614729260889
2999.72265625,-0.5164596852435254
2999.7265625,-0.48386401459613243
2999.73046875,-0.3763734314225139
2999.734375,-0.23344871553891483
2999.73828125,-0.08307974502529109
2999.7421875,0.05619095437047584
2999.74609375,0.16931318876438547
2999.75,0.24465014273282695
2999.75390625,0.28044549678927927
2999.7578125,0.28996292613364144
2999.76171875,0.296000192912388
2999.765625,0.31455812059424126
2999.76953125,0.33945259218000784
2999.7734375,0.3421613748452696
2999.77734375,0.29096469324636276
2999.78125,0.17778456881631488
2999.78515625,0.0313970036462883
2999.7890625,-0.09774111568637542
2999.79296875,-0.17346031639781806
2999.796875,-0.20279356999750733
2999.80078125,-0.232532297594925
2999.8046875,-0.314187227005225
2999.80859375,-0.46526041870921675
2999.8125,-0.6580384514241714
2999.81640625,-0.8433581156121093
2999.8203125,-0.988044823989118
2999.82421875,-1.0962064289474878
2999.828125,-1.20069775368826
2999.83203125,-1.335345605163661
2999.8359375,-1.510748094530477
2999.83984375,-1.7086339581602517
2999.84375,-1.8927751821873506
2999.84765625,-2.025749831936445
2999.8515625,-2.083051453653476
2999.85546875,-2.0597378198492944
2999.859375,-1.9674817322571567
2999.86328125,-1.8248453170718848
2999.8671875,-1.6483890017626113
2999.87109375,-1.4511626557634882
2999.875,-1.247550821700575
2999.87890625,-1.0555679837817062
2999.8828125,-0.889038541952196
2999.88671875,-0.7448801786397142
2999.890625,-0.601188246525603
2999.89453125,-0.43380914104500856
2999.8984375,-0.23832991337394224
2999.90234375,-0.03552288833650248
2999.90625,0.14606279199639308
2999.91015625,0.2927034538936579
2999.9140625,0.40991027222467374
2999.91796875,0.5049118801251177
2999.921875,0.5685784993707778
2999.92578125,0.5806380957569774
2999.9296875,0.5354929919032898
2999.93359375,0.45970294348227403
2999.9375,0.39968714065264926
2999.94140625,0.3903218753800672
2999.9453125,0.4330489262430275
2999.94921875,0.49996651022317457
2999.953125,0.5558512248747794
2999.95703125,0.5770855997181356
2999.9609375,0.5549432968708645
2999.96484375,0.488970229946477
2999.96875,0.3828795132263396
2999.97265625,0.24590537848562574
2999.9765625,0.09287492157289731
2999.98046875,-0.06116224009647999
2999.984375,-0.20662750752772943
2999.98828125,-0.338574416330394
2999.9921875,-0.4518788596623583
2999.99609375,-0.5417164261297608
3000.0,-0.6109724622941805
3000.00390625,-0.6744598337942542
3000.0078125,-0.7506202511996316
3000.01171875,-0.8445923589388632
3000.015625,-0.938751213786596
3000.01953125,-1.0044926673713888
3000.0234375,-1.0288985412782357
3000.02734375,-1.030717569440806
3000.03125,-1.0472499623914706
3000.03515625,-1.1025557136320698
3000.0390625,-1.1858959335982042
3000.04296875,-1.2592212712623192
3000.046875,-1.2862135057786055
3000.05078125,-1.2574038137005048
3000.0546875,-1.1915963895281243
3000.05859375,-1.1170938158947719
3000.0625,-1.0528700115791259
3000.06640625,-1.0035430926036284
3000.0703125,-0.9642672080052629
3000.07421875,-0.9250551487743173
3000.078125,-0.8727522431777489
3000.08203125,-0.7970426378273731
3000.0859375,-0.7015402320616453
3000.08984375,-0.6090048973005854
3000.09375,-0.5490534429756352
3000.09765625,-0.5329415073310755
3000.1015625,-0.5369725579244129
3000.10546875,-0.5133894971553631
3000.109375,-0.4241052490118539
3000.11328125,-0.2705063650715233
3000.1171875,-0.09487915960328704
3000.12109375,0.046395118547538416
3000.125,0.11580164992865041
3000.12890625,0.1112999642700405
3000.1328125,0.06000708998782407
3000.13671875,-0.002323574961098197
3000.140625,-0.052268429905019766
3000.14453125,-0.0898344230886947
3000.1484375,-0.13551102229660633
3000.15234375,-0.21488246774577371
3000.15625,-0.3383017831575794
3000.16015625,-0.4877080487052662
3000.1640625,-0.6206806486197447
3000.16796875,-0.6912636266817402
3000.171875,-0.6749812602569063
3000.17578125,-0.5822249022400742
3000.1796875,-0.4524202255374873
3000.18359375,-0.33325318803998877
3000.1875,-0.2564968458223767
3000.19140625,-0.22309478302605695
3000.1953125,-0.20571762900558904
3000.19921875,-0.16780075551462267
3000.203125,-0.08869220983480587
3000.20703125,0.019736492093646092
3000.2109375,0.11667788555827295
3000.21484375,0.15663145017623084
3000.21875,0.11964657654470155
3000.22265625,0.0266626699357048
3000.2265625,-0.07070021483861265
3000.23046875,-0.1185223294546289
3000.234375,-0.08847669835115253
3000.23828125,0.01130161723538567
3000.2421875,0.14609996466192507
3000.24609375,0.27530665279937805
3000.25,0.3700861448531429
3000.25390625,0.42086805661459087
3000.2578125,0.4350819068687333
3000.26171875,0.4286202730364205
3000.265625,0.4156516227101715
3000.26953125,0.40198591393465655
3000.2734375,0.38526687127320053
3000.27734375,0.36123109096093764
3000.28125,0.3313014399484761
3000.28515625,0.30502966498868544
3000.2890625,0.2943088226750898
3000.29296875,0.3041071093398344
3000.296875,0.32906041993738333
3000.30078125,0.36019569599139
3000.3046875,0.3954596186356325
3000.30859375,0.44270825359152527
3000.3125,0.5106425264348584
3000.31640625,0.5960870635692735
3000.3203125,0.6813455326226882
3000.32421875,0.7456364307323072
3000.328125,0.7794634186386236
3000.33203125,0.7874519956863123
3000.3359375,0.7773249521888511
3000.33984375,0.7469945570697999
3000.34375,0.6840204400471148
3000.34765625,0.5794537789812914
3000.3515625,0.44286244797662233
3000.35546875,0.3034363385845889
3000.359375,0.19567564401721105
3000.36328125,0.1413833969839083
3000.3671875,0.14012452802054198
3000.37109375,0.17251021220494653
3000.375,0.2136380027713135
3000.37890625,0.249665681703487
3000.3828125,0.28807269186668866
3000.38671875,0.35331745828196165
3000.390625,0.46670363262235454
3000.39453125,0.6217540129024044
3000.3984375,0.7753484539506244
3000.40234375,0.8670008068864326
3000.40625,0.855734394489578
3000.41015625,0.7475191323636289
3000.4140625,0.5925030718472584
3000.41796875,0.4545666573632841
3000.421875,0.37661354613939724
3000.42578125,0.3656127011558886
3000.4296875,0.4016041247608486
3000.43359375,0.4563730801884628
3000.4375,0.5078528662599141
3000.44140625,0.5472733890110932
3000.4453125,0.5814128676975757
3000.44921875,0.6300109931962348
3000.453125,0.7157015079665349
3000.45703125,0.8473485023845798
3000.4609375,1.0073256448213737
3000.46484375,1.156673410900055
3000.46875,1.2587983113441048
3000.47265625,1.3041797037822729
3000.4765625,1.3159585579418787
3000.48046875,1.3317439557056372
3000.484375,1.3759501019113771
3000.48828125,1.4442039294444526
3000.4921875,1.5104393378516474
3000.49609375,1.5476195237205255
3000.5,1.5442364487070115
3000.50390625,1.5073824840883414
3000.5078125,1.4556002691478593
3000.51171875,1.4087204987442792
3000.515625,1.3795501683041942
3000.51953125,1.3695473960928932
3000.5234375,1.3696568999154919
3000.52734375,1.3672352990622902
3000.53125,1.357102200868366
3000.53515625,1.349168658746841
3000.5390625,1.3640990810731861
3000.54296875,1.4174254710415222
3000.546875,1.5047440012388698
3000.55078125,1.6024829222562869
3000.5546875,1.6852248252642728
3000.55859375,1.7437138673527015
3000.5625,1.7859674593120587
3000.56640625,1.8210918754518515
3000.5703125,1.8437294066200094
3000.57421875,1.8361859568673649
3000.578125,1.785855495850322
3000.58203125,1.6988678467000413
3000.5859375,1.5951033761834867
3000.58984375,1.4905381541255522
3000.59375,1.3875632650070633
3000.59765625,1.2846065126225965
3000.6015625,1.1925933847696484
3000.60546875,1.1365642241620477
3000.609375,1.1378606827741584
3000.61328125,1.194734544198034
3000.6171875,1.2815685633217058
3000.62109375,1.3680714232536944
3000.625,1.4403940076029964
3000.62890625,1.5059071037742502
3000.6328125,1.5808482921231448
3000.63671875,1.6744768703706006
3000.640625,1.781058397673349
3000.64453125,1.8804535097733976
3000.6484375,1.9437589143233727
3000.65234375,1.9432194435322727
3000.65625,1.866412218892015
3000.66015625,1.7289909173724123
3000.6640625,1.5743289346170866
3000.66796875,1.4530934084032017
3000.671875,1.3922288719972495
3000.67578125,1.3756653748147585
3000.6796875,1.3527284669506983
3000.68359375,1.2693353021476586
3000.6875,1.1006346119630688
3000.69140625,0.8639867476085363
3000.6953125,0.6055975229922014
3000.69921875,0.37137688018456494
3000.703125,0.18103170596331003
3000.70703125,0.020290654783614446
3000.7109375,-0.14539522993391515
3000.71484375,-0.3446826138275432
3000.71875,-0.5784854974248165
3000.72265625,-0.8169314390047123
3000.7265625,-1.016866752637696
3000.73046875,-1.1474745001709044
3000.734375,-1.2066197217879004
3000.73828125,-1.218121787061567
3000.7421875,-1.214663072857704
3000.74609375,-1.2206837557575032
3000.75,-1.245739609271334
3000.75390625,-1.286825075646069
3000.7578125,-1.332326491522348
3000.76171875,-1.365481233284579
3000.765625,-1.3713328133899987
3000.76953125,-1.3475425923807947
3000.7734375,-1.3100123692212768
3000.77734375,-1.28336159362144
3000.78125,-1.2794481497519703
3000.78515625,-1.2819785714270344
3000.7890625,-1.2544526443350414
3000.79296875,-1.1694872192952426
3000.796875,-1.0366870628574174
3000.80078125,-0.9046623874349328
3000.8046875,-0.8342975181688113
3000.80859375,-0.8650606729408459
3000.8125,-0.9994490893717068
3000.81640625,-1.210998759142887
3000.8203125,-1.4619788528023547
3000.82421875,-1.7165856778433806
3000.828125,-1.9474841697861325
3000.83203125,-2.1402864036252627
3000.8359375,-2.296214846216091
3000.83984375,-2.4268758503688694
3000.84375,-2.5383147871129568
3000.84765625,-2.6144080105525056
3000.8515625,-2.6177172638832693
3000.85546875,-2.514909924494509
3000.859375,-2.309506849336479
3000.86328125,-2.052123858924078
3000.8671875,-1.8143189929954904
3000.87109375,-1.6435220845474592
3000.875,-1.5340370628310493
3000.87890625,-1.4368924171136543
3000.8828125,-1.2996819734445717
3000.88671875,-1.1041256815668028
3000.890625,-0.874486492546387
3000.89453125,-0.6565908878243428
3000.8984375,-0.48851489080592675
3000.90234375,-0.3838701926125223
3000.90625,-0.33311881901400564
3000.91015625,-0.31418391941279256
3000.9140625,-0.3021081259379423
3000.91796875,-0.27544819215254
3000.921875,-0.22217171168565142
3000.92578125,-0.1449306569442364
3000.9296875,-0.06176280676883028
3000.93359375,0.00028370746864518956
3000.9375,0.016670865322337965
3000.94140625,-0.02313041475691173
3000.9453125,-0.1099549077933068
3000.94921875,-0.2188523359443139
3000.953125,-0.3221034127311079
3000.95703125,-0.4050125135235534
3000.9609375,-0.473819231368227
3000.96484375,-0.5482392924170648
3000.96875,-0.6426520887145587
3000.97265625,-0.7503953897657006
3000.9765625,-0.8446833415430892
3000.98046875,-0.8969045414886229
3000.984375,-0.8983050156423559
3000.98828125,-0.8674292922630977
3000.9921875,-0.8377293462758431
3000.99609375,-0.8360245539162531
