time,raw
2993.0,4.493284493284492
2993.00390625,6.056166056166055
2993.0078125,3.3211233211233204
2993.01171875,1.7582417582417573
2993.015625,3.3211233211233204
2993.01953125,1.7582417582417573
2993.0234375,-1.3675213675213682
2993.02734375,-3.3211233211233218
2993.03125,-3.711843711843712
2993.03515625,-7.228327228327229
2993.0390625,-13.08913308913309
2993.04296875,-15.04273504273504
2993.046875,-14.652014652014653
2993.05078125,-9.963369963369964
2993.0546875,-3.3211233211233218
2993.05859375,-0.9768009768009775
2993.0625,-0.9768009768009775
2993.06640625,-0.9768009768009775
2993.0703125,-0.9768009768009775
2993.07421875,-6.837606837606838
2993.078125,-11.916971916971917
2993.08203125,-9.181929181929183
2993.0859375,-9.181929181929183
2993.08984375,-13.87057387057387
2993.09375,-16.214896214896214
2993.09765625,-19.340659340659343
2993.1015625,-24.02930402930403
2993.10546875,-24.810744810744808
2993.109375,-18.55921855921856
2993.11328125,-15.04273504273504
2993.1171875,-11.526251526251526
2993.12109375,-9.181929181929183
2993.125,-10.354090354090355
2993.12890625,-11.526251526251526
2993.1328125,-7.619047619047619
2993.13671875,-4.102564102564103
2993.140625,-8.400488400488399
2993.14453125,-12.307692307692308
2993.1484375,-9.572649572649572
2993.15234375,-8.400488400488399
2993.15625,-10.744810744810744
2993.16015625,-14.261294261294262
2993.1640625,-17.777777777777775
2993.16796875,-21.684981684981686
2993.171875,-18.55921855921856
2993.17578125,-11.526251526251526
2993.1796875,-7.619047619047619
2993.18359375,-3.711843711843712
2993.1875,-1.3675213675213682
2993.19140625,-3.711843711843712
2993.1953125,-6.837606837606838
2993.19921875,-2.9304029304029307
2993.203125,-2.9304029304029307
2993.20703125,-4.102564102564103
2993.2109375,0.19536019536019467
2993.21484375,6.056166056166055
2993.21875,10.744810744810742
2993.22265625,13.870573870573867
2993.2265625,11.916971916971914
2993.23046875,12.698412698412698
2993.234375,17.777777777777775
2993.23828125,21.684981684981683
2993.2421875,20.903540903540904
2993.24609375,17.777777777777775
2993.25,13.870573870573867
2993.25390625,10.354090354090353
2993.2578125,3.711843711843711
2993.26171875,-0.5860805860805868
2993.265625,0.5860805860805853
2993.26953125,0.19536019536019467
2993.2734375,-0.9768009768009775
2993.27734375,-1.3675213675213682
2993.28125,-3.3211233211233218
2993.28515625,-4.884004884004884
2993.2890625,-9.572649572649572
2993.29296875,-9.181929181929183
2993.296875,-4.493284493284494
2993.30078125,1.3675213675213669
2993.3046875,8.00976800976801
2993.30859375,11.135531135531135
2993.3125,12.698412698412698
2993.31640625,16.996336996336996
2993.3203125,20.51282051282051
2993.32421875,18.168498168498164
2993.328125,15.824175824175823
2993.33203125,17.777777777777775
2993.3359375,19.731379731379732
2993.33984375,19.34065934065934
2993.34375,19.34065934065934
2993.34765625,18.559218559218557
2993.3515625,16.605616605616603
2993.35546875,15.04273504273504
2993.359375,18.559218559218557
2993.36328125,25.2014652014652
2993.3671875,27.545787545787544
2993.37109375,29.499389499389494
2993.375,28.327228327228326
2993.37890625,26.373626373626372
2993.3828125,32.23443223443223
2993.38671875,37.313797313797316
2993.390625,33.7973137973138
2993.39453125,29.89010989010989
2993.3984375,30.28083028083028
2993.40234375,27.936507936507937
2993.40625,20.51282051282051
2993.41015625,15.43345543345543
2993.4140625,7.619047619047618
2993.41796875,0.19536019536019467
2993.421875,-0.19536019536019603
2993.42578125,4.102564102564102
2993.4296875,4.493284493284492
2993.43359375,5.274725274725273
2993.4375,8.00976800976801
2993.44140625,4.493284493284492
2993.4453125,2.539682539682539
2993.44921875,6.837606837606837
2993.453125,8.00976800976801
2993.45703125,2.9304029304029293
2993.4609375,2.9304029304029293
2993.46484375,1.7582417582417573
2993.46875,-2.1489621489621498
2993.47265625,-6.056166056166057
2993.4765625,-13.47985347985348
2993.48046875,-14.652014652014653
2993.484375,-10.354090354090355
2993.48828125,-2.9304029304029307
2993.4921875,0.5860805860805853
2993.49609375,2.539682539682539
2993.5,6.837606837606837
2993.50390625,9.57264957264957
2993.5078125,8.400488400488397
2993.51171875,7.2283272283272275
2993.515625,9.181929181929181
2993.51953125,8.79120879120879
2993.5234375,6.446886446886445
2993.52734375,3.711843711843711
2993.53125,0.5860805860805853
2993.53515625,-4.493284493284494
2993.5390625,-11.135531135531137
2993.54296875,-13.08913308913309
2993.546875,-9.963369963369964
2993.55078125,-3.711843711843712
2993.5546875,0.19536019536019467
2993.55859375,2.1489621489621484
2993.5625,2.539682539682539
2993.56640625,6.056166056166055
2993.5703125,9.963369963369964
2993.57421875,9.181929181929181
2993.578125,9.181929181929181
2993.58203125,13.089133089133089
2993.5859375,16.214896214896214
2993.58984375,15.04273504273504
2993.59375,13.089133089133089
2993.59765625,8.400488400488397
2993.6015625,2.539682539682539
2993.60546875,-0.9768009768009775
2993.609375,1.3675213675213669
2993.61328125,5.665445665445665
2993.6171875,10.744810744810742
2993.62109375,14.26129426129426
2993.625,12.698412698412698
2993.62890625,11.916971916971914
2993.6328125,15.04273504273504
2993.63671875,18.559218559218557
2993.640625,15.824175824175823
2993.64453125,13.47985347985348
2993.6484375,15.824175824175823
2993.65234375,17.777777777777775
2993.65625,13.870573870573867
2993.66015625,11.526251526251526
2993.6640625,6.837606837606837
2993.66796875,1.7582417582417573
2993.671875,4.8840048840048835
2993.67578125,10.354090354090353
2993.6796875,12.307692307692307
2993.68359375,14.652014652014651
2993.6875,16.996336996336996
2993.69140625,11.526251526251526
2993.6953125,8.00976800976801
2993.69921875,7.2283272283272275
2993.703125,2.9304029304029293
2993.70703125,-3.3211233211233218
2993.7109375,-6.056166056166057
2993.71484375,-5.665445665445666
2993.71875,-8.00976800976801
2993.72265625,-12.307692307692308
2993.7265625,-22.466422466422465
2993.73046875,-25.982905982905983
2993.734375,-26.373626373626376
2993.73828125,-23.247863247863247
2993.7421875,-20.122100122100118
2993.74609375,-22.466422466422465
2993.75,-23.63858363858364
2993.75390625,-24.42002442002442
2993.7578125,-30.671550671550676
2993.76171875,-36.14163614163614
2993.765625,-36.14163614163614
2993.76953125,-38.095238095238095
2993.7734375,-42.002442002442
2993.77734375,-42.78388278388278
2993.78125,-41.221001221001224
2993.78515625,-41.221001221001224
2993.7890625,-44.346764346764346
2993.79296875,-44.346764346764346
2993.796875,-40.43956043956044
2993.80078125,-35.36019536019536
2993.8046875,-30.28083028083028
2993.80859375,-25.592185592185594
2993.8125,-26.76434676434676
2993.81640625,-25.982905982905983
2993.8203125,-24.810744810744808
2993.82421875,-29.89010989010989
2993.828125,-34.18803418803419
2993.83203125,-29.4993894993895
2993.8359375,-24.42002442002442
2993.83984375,-24.42002442002442
2993.84375,-24.810744810744808
2993.84765625,-25.592185592185594
2993.8515625,-30.28083028083028
2993.85546875,-33.01587301587302
2993.859375,-26.76434676434676
2993.86328125,-20.512820512820515
2993.8671875,-16.605616605616607
2993.87109375,-11.916971916971917
2993.875,-11.135531135531137
2993.87890625,-13.08913308913309
2993.8828125,-7.619047619047619
2993.88671875,-2.9304029304029307
2993.890625,-4.884004884004884
2993.89453125,-4.102564102564103
2993.8984375,1.3675213675213669
2993.90234375,2.9304029304029293
2993.90625,0.976800976800976
2993.91015625,0.5860805860805853
2993.9140625,-3.711843711843712
2993.91796875,-7.619047619047619
2993.921875,-4.102564102564103
2993.92578125,-2.1489621489621498
2993.9296875,-2.1489621489621498
2993.93359375,-0.9768009768009775
2993.9375,-0.19536019536019603
2993.94140625,-0.5860805860805868
2993.9453125,-1.7582417582417589
2993.94921875,5.665445665445665
2993.953125,10.744810744810742
2993.95703125,9.57264957264957
2993.9609375,13.47985347985348
2993.96484375,16.214896214896214
2993.96875,17.387057387057386
2993.97265625,13.47985347985348
2993.9765625,5.665445665445665
2993.98046875,2.9304029304029293
2993.984375,0.19536019536019467
2993.98828125,4.8840048840048835
2993.9921875,8.00976800976801
2993.99609375,8.79120879120879
2994.0,9.963369963369964
2994.00390625,10.744810744810742
2994.0078125,7.2283272283272275
2994.01171875,4.493284493284492
2994.015625,7.2283272283272275
2994.01953125,9.181929181929181
2994.0234375,6.837606837606837
2994.02734375,5.274725274725273
2994.03125,3.3211233211233204
2994.03515625,-0.5860805860805868
2994.0390625,-5.274725274725275
2994.04296875,-6.446886446886447
2994.046875,-5.665445665445666
2994.05078125,-2.1489621489621498
2994.0546875,-0.9768009768009775
2994.05859375,-2.5396825396825404
2994.0625,-7.228327228327229
2994.06640625,-6.056166056166057
2994.0703125,-5.274725274725275
2994.07421875,-9.181929181929183
2994.078125,-11.526251526251526
2994.08203125,-6.837606837606838
2994.0859375,-3.3211233211233218
2994.08984375,-2.9304029304029307
2994.09375,-1.3675213675213682
2994.09765625,0.19536019536019467
2994.1015625,-2.9304029304029307
2994.10546875,-1.3675213675213682
2994.109375,5.274725274725273
2994.11328125,9.181929181929181
2994.1171875,12.307692307692307
2994.12109375,13.870573870573867
2994.125,9.963369963369964
2994.12890625,2.539682539682539
2994.1328125,2.9304029304029293
2994.13671875,3.711843711843711
2994.140625,-2.5396825396825404
2994.14453125,-2.9304029304029307
2994.1484375,1.3675213675213669
2994.15234375,3.711843711843711
2994.15625,2.9304029304029293
2994.16015625,2.9304029304029293
2994.1640625,-0.5860805860805868
2994.16796875,-3.3211233211233218
2994.171875,0.5860805860805853
2994.17578125,5.665445665445665
2994.1796875,5.274725274725273
2994.18359375,8.00976800976801
2994.1875,8.79120879120879
2994.19140625,2.9304029304029293
2994.1953125,1.3675213675213669
2994.19921875,6.446886446886445
2994.203125,8.400488400488397
2994.20703125,7.2283272283272275
2994.2109375,9.57264957264957
2994.21484375,8.00976800976801
2994.21875,8.00976800976801
2994.22265625,4.493284493284492
2994.2265625,-0.9768009768009775
2994.23046875,-0.19536019536019603
2994.234375,0.19536019536019467
2994.23828125,4.8840048840048835
2994.2421875,6.837606837606837
2994.24609375,6.837606837606837
2994.25,7.619047619047618
2994.25390625,9.181929181929181
2994.2578125,6.446886446886445
2994.26171875,4.8840048840048835
2994.265625,8.79120879120879
2994.26953125,13.089133089133089
2994.2734375,12.698412698412698
2994.27734375,11.526251526251526
2994.28125,6.056166056166055
2994.28515625,-1.3675213675213682
2994.2890625,-13.08913308913309
2994.29296875,-14.261294261294262
2994.296875,-11.135531135531137
2994.30078125,-3.3211233211233218
2994.3046875,3.3211233211233204
2994.30859375,6.056166056166055
2994.3125,5.665445665445665
2994.31640625,8.79120879120879
2994.3203125,13.089133089133089
2994.32421875,13.089133089133089
2994.328125,13.089133089133089
2994.33203125,15.43345543345543
2994.3359375,17.777777777777775
2994.33984375,16.996336996336996
2994.34375,15.04273504273504
2994.34765625,14.26129426129426
2994.3515625,10.744810744810742
2994.35546875,9.963369963369964
2994.359375,15.824175824175823
2994.36328125,21.294261294261293
2994.3671875,24.810744810744808
2994.37109375,25.982905982905983
2994.375,20.122100122100118
2994.37890625,13.089133089133089
2994.3828125,15.04273504273504
2994.38671875,18.559218559218557
2994.390625,15.824175824175823
2994.39453125,18.559218559218557
2994.3984375,23.247863247863247
2994.40234375,23.247863247863247
2994.40625,19.34065934065934
2994.41015625,16.214896214896214
2994.4140625,11.135531135531135
2994.41796875,9.181929181929181
2994.421875,16.214896214896214
2994.42578125,21.684981684981683
2994.4296875,23.247863247863247
2994.43359375,27.545787545787544
2994.4375,29.108669108669105
2994.44140625,27.545787545787544
2994.4453125,29.108669108669105
2994.44921875,34.96947496947496
2994.453125,37.704517704517706
2994.45703125,35.36019536019536
2994.4609375,36.92307692307691
2994.46484375,39.26739926739927
2994.46875,40.43956043956044
2994.47265625,38.87667887667887
2994.4765625,32.62515262515262
2994.48046875,31.45299145299145
2994.484375,30.28083028083028
2994.48828125,33.015873015873005
2994.4921875,34.18803418803419
2994.49609375,32.62515262515262
2994.5,32.23443223443223
2994.50390625,34.18803418803419
2994.5078125,31.843711843711844
2994.51171875,25.982905982905983
2994.515625,27.545787545787544
2994.51953125,25.982905982905983
2994.5234375,17.777777777777775
2994.52734375,13.47985347985348
2994.53125,8.79120879120879
2994.53515625,3.3211233211233204
2994.5390625,-4.102564102564103
2994.54296875,-3.3211233211233218
2994.546875,-2.9304029304029307
2994.55078125,-3.711843711843712
2994.5546875,-3.3211233211233218
2994.55859375,-7.619047619047619
2994.5625,-15.433455433455434
2994.56640625,-16.605616605616607
2994.5703125,-17.777777777777775
2994.57421875,-25.2014652014652
2994.578125,-27.15506715506715
2994.58203125,-25.982905982905983
2994.5859375,-22.075702075702075
2994.58984375,-21.684981684981686
2994.59375,-23.247863247863247
2994.59765625,-26.373626373626376
2994.6015625,-31.843711843711844
2994.60546875,-35.75091575091575
2994.609375,-32.62515262515262
2994.61328125,-27.15506715506715
2994.6171875,-22.857142857142858
2994.62109375,-18.94993894993895
2994.625,-19.731379731379732
2994.62890625,-23.63858363858364
2994.6328125,-20.122100122100118
2994.63671875,-17.38705738705739
2994.640625,-20.903540903540904
2994.64453125,-22.466422466422465
2994.6484375,-18.168498168498164
2994.65234375,-15.824175824175823
2994.65625,-17.38705738705739
2994.66015625,-18.55921855921856
2994.6640625,-25.2014652014652
2994.66796875,-31.843711843711844
2994.671875,-32.23443223443223
2994.67578125,-29.4993894993895
2994.6796875,-27.545787545787547
2994.68359375,-23.63858363858364
2994.6875,-19.731379731379732
2994.69140625,-22.857142857142858
2994.6953125,-24.42002442002442
2994.69921875,-18.55921855921856
2994.703125,-14.652014652014653
2994.70703125,-12.698412698412698
2994.7109375,-6.446886446886447
2994.71484375,-1.3675213675213682
2994.71875,-0.19536019536019603
2994.72265625,-0.5860805860805868
2994.7265625,-6.837606837606838
2994.73046875,-8.791208791208792
2994.734375,-7.228327228327229
2994.73828125,-2.9304029304029307
2994.7421875,-0.19536019536019603
2994.74609375,0.19536019536019467
2994.75,1.3675213675213669
2994.75390625,1.7582417582417573
2994.7578125,0.19536019536019467
2994.76171875,-0.19536019536019603
2994.765625,2.9304029304029293
2994.76953125,7.2283272283272275
2994.7734375,7.619047619047618
2994.77734375,6.837606837606837
2994.78125,6.837606837606837
2994.78515625,2.1489621489621484
2994.7890625,-5.665445665445666
2994.79296875,-7.228327228327229
2994.796875,-7.619047619047619
2994.80078125,-2.1489621489621498
2994.8046875,1.3675213675213669
2994.80859375,2.539682539682539
2994.8125,2.1489621489621484
2994.81640625,5.274725274725273
2994.8203125,9.963369963369964
2994.82421875,8.79120879120879
2994.828125,9.181929181929181
2994.83203125,12.698412698412698
2994.8359375,16.214896214896214
2994.83984375,13.870573870573867
2994.84375,9.963369963369964
2994.84765625,5.665445665445665
2994.8515625,-0.5860805860805868
2994.85546875,-3.3211233211233218
2994.859375,2.539682539682539
2994.86328125,6.056166056166055
2994.8671875,9.181929181929181
2994.87109375,11.526251526251526
2994.875,10.744810744810742
2994.87890625,7.619047619047618
2994.8828125,13.089133089133089
2994.88671875,17.777777777777775
2994.890625,15.04273504273504
2994.89453125,13.47985347985348
2994.8984375,15.824175824175823
2994.90234375,16.605616605616603
2994.90625,13.089133089133089
2994.91015625,9.963369963369964
2994.9140625,4.8840048840048835
2994.91796875,-0.19536019536019603
2994.921875,-0.19536019536019603
2994.92578125,6.056166056166055
2994.9296875,9.963369963369964
2994.93359375,15.824175824175823
2994.9375,22.857142857142858
2994.94140625,20.51282051282051
2994.9453125,18.168498168498164
2994.94921875,23.638583638583636
2994.953125,24.810744810744808
2994.95703125,23.247863247863247
2994.9609375,27.936507936507937
2994.96484375,31.06227106227106
2994.96875,31.45299145299145
2994.97265625,31.45299145299145
2994.9765625,27.936507936507937
2994.98046875,27.936507936507937
2994.984375,33.7973137973138
2994.98828125,42.002442002442
2994.9921875,45.90964590964591
2994.99609375,48.64468864468864
2995.0,50.98901098901098
2995.00390625,52.94261294261293
2995.0078125,49.81684981684982
2995.01171875,46.69108669108669
2995.015625,47.47252747252747
2995.01953125,46.69108669108669
2995.0234375,41.221001221001224
2995.02734375,35.36019536019536
2995.03125,28.327228327228326
2995.03515625,20.122100122100118
2995.0390625,11.526251526251526
2995.04296875,9.963369963369964
2995.046875,11.526251526251526
2995.05078125,16.605616605616603
2995.0546875,21.294261294261293
2995.05859375,23.638583638583636
2995.0625,24.02930402930403
2995.06640625,31.06227106227106
2995.0703125,37.313797313797316
2995.07421875,36.92307692307691
2995.078125,36.92307692307691
2995.08203125,40.43956043956044
2995.0859375,42.39316239316239
2995.08984375,40.43956043956044
2995.09375,39.26739926739927
2995.09765625,35.75091575091575
2995.1015625,30.67155067155067
2995.10546875,27.15506715506715
2995.109375,31.06227106227106
2995.11328125,33.7973137973138
2995.1171875,36.53235653235653
2995.12109375,38.485958485958484
2995.125,34.96947496947496
2995.12890625,28.717948717948715
2995.1328125,30.28083028083028
2995.13671875,28.327228327228326
2995.140625,18.559218559218557
2995.14453125,10.744810744810742
2995.1484375,7.619047619047618
2995.15234375,3.3211233211233204
2995.15625,-2.1489621489621498
2995.16015625,-5.274725274725275
2995.1640625,-15.433455433455434
2995.16796875,-22.466422466422465
2995.171875,-23.63858363858364
2995.17578125,-22.466422466422465
2995.1796875,-25.2014652014652
2995.18359375,-24.42002442002442
2995.1875,-25.982905982905983
2995.19140625,-33.40659340659341
2995.1953125,-41.611721611721606
2995.19921875,-45.51892551892551
2995.203125,-54.505494505494504
2995.20703125,-68.57142857142857
2995.2109375,-76.38583638583638
2995.21484375,-83.8095238095238
2995.21875,-92.4053724053724
2995.22265625,-101.78266178266178
2995.2265625,-113.1135531135531
2995.23046875,-117.8021978021978
2995.234375,-115.45787545787546
2995.23828125,-104.9084249084249
2995.2421875,-93.18681318681317
2995.24609375,-82.24664224664225
2995.25,-68.96214896214896
2995.25390625,-54.11477411477411
2995.2578125,-45.12820512820513
2995.26171875,-34.969474969474966
2995.265625,-19.340659340659343
2995.26953125,-5.665445665445666
2995.2734375,3.711843711843711
2995.27734375,11.916971916971914
2995.28125,15.43345543345543
2995.28515625,14.652014652014651
2995.2890625,9.963369963369964
2995.29296875,6.446886446886445
2995.296875,4.8840048840048835
2995.30078125,2.1489621489621484
2995.3046875,-4.493284493284494
2995.30859375,-18.55921855921856
2995.3125,-35.75091575091575
2995.31640625,-48.253968253968246
2995.3203125,-59.975579975579976
2995.32421875,-75.6043956043956
2995.328125,-86.93528693528694
2995.33203125,-94.74969474969475
2995.3359375,-104.12698412698413
2995.33984375,-112.72283272283272
2995.34375,-122.4908424908425
2995.34765625,-134.993894993895
2995.3515625,-146.7155067155067
2995.35546875,-153.35775335775335
2995.359375,-153.74847374847374
2995.36328125,-149.05982905982907
2995.3671875,-140.46398046398048
2995.37109375,-131.47741147741147
2995.375,-129.91452991452988
2995.37890625,-127.96092796092795
2995.3828125,-120.14652014652015
2995.38671875,-113.8949938949939
2995.390625,-114.67643467643468
2995.39453125,-115.06715506715507
2995.3984375,-113.5042735042735
2995.40234375,-116.23931623931624
2995.40625,-119.75579975579974
2995.41015625,-118.97435897435898
2995.4140625,-118.58363858363857
2995.41796875,-116.23931623931624
2995.421875,-104.12698412698413
2995.42578125,-88.88888888888889
2995.4296875,-76.38583638583638
2995.43359375,-59.1941391941392
2995.4375,-43.17460317460318
2995.44140625,-34.969474969474966
2995.4453125,-25.592185592185594
2995.44921875,-11.135531135531137
2995.453125,-1.3675213675213682
2995.45703125,3.711843711843711
2995.4609375,13.47985347985348
2995.46484375,21.294261294261293
2995.46875,24.02930402930403
2995.47265625,25.982905982905983
2995.4765625,20.51282051282051
2995.48046875,17.387057387057386
2995.484375,18.168498168498164
2995.48828125,20.51282051282051
2995.4921875,18.168498168498164
2995.49609375,15.43345543345543
2995.5,16.605616605616603
2995.50390625,19.34065934065934
2995.5078125,22.46642246642246
2995.51171875,28.327228327228326
2995.515625,38.095238095238095
2995.51953125,49.42612942612943
2995.5234375,58.41269841269841
2995.52734375,68.18070818070818
2995.53125,75.6043956043956
2995.53515625,79.90231990231989
2995.5390625,78.73015873015873
2995.54296875,79.12087912087912
2995.546875,83.02808302808303
2995.55078125,88.4981684981685
2995.5546875,92.4053724053724
2995.55859375,93.96825396825396
2995.5625,93.18681318681317
2995.56640625,99.43833943833944
2995.5703125,104.9084249084249
2995.57421875,104.9084249084249
2995.578125,106.86202686202687
2995.58203125,112.33211233211233
2995.5859375,118.97435897435898
2995.58984375,124.05372405372404
2995.59375,127.57020757020757
2995.59765625,125.61660561660561
2995.6015625,117.4114774114774
2995.60546875,109.98778998778998
2995.609375,104.9084249084249
2995.61328125,98.26617826617826
2995.6171875,87.7167277167277
2995.62109375,74.43223443223442
2995.625,53.333333333333336
2995.62890625,32.62515262515262
2995.6328125,20.122100122100118
2995.63671875,6.446886446886445
2995.640625,-13.08913308913309
2995.64453125,-31.06227106227106
2995.6484375,-44.737484737484735
2995.65234375,-59.975579975579976
2995.65625,-73.65079365079364
2995.66015625,-83.8095238095238
2995.6640625,-95.53113553113553
2995.66796875,-101.39194139194139
2995.671875,-95.53113553113553
2995.67578125,-88.1074481074481
2995.6796875,-79.12087912087912
2995.68359375,-62.71062271062271
2995.6875,-45.51892551892551
2995.69140625,-34.18803418803419
2995.6953125,-18.94993894993895
2995.69921875,-1.7582417582417589
2995.703125,9.57264957264957
2995.70703125,15.824175824175823
2995.7109375,25.59218559218559
2995.71484375,30.67155067155067
2995.71875,29.499389499389494
2995.72265625,22.075702075702075
2995.7265625,8.79120879120879
2995.73046875,-1.7582417582417589
2995.734375,-10.354090354090355
2995.73828125,-13.87057387057387
2995.7421875,-23.247863247863247
2995.74609375,-37.313797313797316
2995.75,-46.30036630036629
2995.75390625,-54.11477411477411
2995.7578125,-64.66422466422466
2995.76171875,-70.52503052503052
2995.765625,-69.74358974358974
2995.76953125,-71.30647130647131
2995.7734375,-72.47863247863248
2995.77734375,-73.26007326007324
2995.78125,-79.12087912087912
2995.78515625,-83.8095238095238
2995.7890625,-90.45177045177044
2995.79296875,-92.7960927960928
2995.796875,-90.84249084249085
2995.80078125,-88.1074481074481
2995.8046875,-86.54456654456654
2995.80859375,-88.1074481074481
2995.8125,-87.32600732600733
2995.81640625,-77.55799755799755
2995.8203125,-63.49206349206349
2995.82421875,-54.505494505494504
2995.828125,-40.83028083028083
2995.83203125,-23.247863247863247
2995.8359375,-6.446886446886447
2995.83984375,7.619047619047618
2995.84375,18.559218559218557
2995.84765625,25.59218559218559
2995.8515625,27.15506715506715
2995.85546875,28.717948717948715
2995.859375,34.18803418803419
2995.86328125,35.36019536019536
2995.8671875,35.75091575091575
2995.87109375,36.14163614163614
2995.875,29.108669108669105
2995.87890625,23.247863247863247
2995.8828125,25.982905982905983
2995.88671875,27.15506715506715
2995.890625,24.02930402930403
2995.89453125,24.810744810744808
2995.8984375,31.06227106227106
2995.90234375,37.704517704517706
2995.90625,42.39316239316239
2995.91015625,49.03540903540903
2995.9140625,52.94261294261293
2995.91796875,56.06837606837607
2995.921875,67.3992673992674
2995.92578125,75.21367521367522
2995.9296875,76.77655677655677
2995.93359375,80.29304029304029
2995.9375,79.51159951159951
2995.94140625,71.6971916971917
2995.9453125,69.35286935286933
2995.94921875,70.91575091575092
2995.953125,70.91575091575092
2995.95703125,68.96214896214896
2995.9609375,70.91575091575092
2995.96484375,74.82295482295483
2995.96875,75.21367521367522
2995.97265625,76.77655677655677
2995.9765625,74.43223443223442
2995.98046875,73.26007326007324
2995.984375,72.08791208791209
2995.98828125,74.43223443223442
2995.9921875,70.13431013431013
2995.99609375,61.14774114774114
2996.0,57.24053724053724
2996.00390625,53.333333333333336
2996.0078125,45.90964590964591
2996.01171875,42.39316239316239
2996.015625,46.30036630036629
2996.01953125,48.253968253968246
2996.0234375,47.08180708180708
2996.02734375,45.51892551892551
2996.03125,41.611721611721606
2996.03515625,37.704517704517706
2996.0390625,31.06227106227106
2996.04296875,33.015873015873005
2996.046875,35.36019536019536
2996.05078125,37.313797313797316
2996.0546875,38.095238095238095
2996.05859375,29.89010989010989
2996.0625,21.294261294261293
2996.06640625,19.731379731379732
2996.0703125,20.903540903540904
2996.07421875,16.214896214896214
2996.078125,13.870573870573867
2996.08203125,13.47985347985348
2996.0859375,11.526251526251526
2996.08984375,9.181929181929181
2996.09375,6.837606837606837
2996.09765625,0.19536019536019467
2996.1015625,-8.00976800976801
2996.10546875,-12.698412698412698
2996.109375,-16.996336996336996
2996.11328125,-20.122100122100118
2996.1171875,-25.982905982905983
2996.12109375,-33.7973137973138
2996.125,-46.30036630036629
2996.12890625,-58.02197802197802
2996.1328125,-59.58485958485958
2996.13671875,-60.366300366300365
2996.140625,-66.61782661782661
2996.14453125,-65.44566544566544
2996.1484375,-58.02197802197802
2996.15234375,-48.253968253968246
2996.15625,-36.92307692307692
2996.16015625,-26.76434676434676
2996.1640625,-20.512820512820515
2996.16796875,-16.996336996336996
2996.171875,-9.963369963369964
2996.17578125,-0.9768009768009775
2996.1796875,-0.19536019536019603
2996.18359375,-2.1489621489621498
2996.1875,-6.056166056166057
2996.19140625,-23.247863247863247
2996.1953125,-36.14163614163614
2996.19921875,-40.43956043956044
2996.203125,-46.69108669108669
2996.20703125,-54.11477411477411
2996.2109375,-56.84981684981685
2996.21484375,-62.31990231990232
2996.21875,-66.22710622710623
2996.22265625,-67.3992673992674
2996.2265625,-73.65079365079364
2996.23046875,-67.3992673992674
2996.234375,-58.02197802197802
2996.23828125,-47.081807081807085
2996.2421875,-39.26739926739927
2996.24609375,-35.75091575091575
2996.25,-30.671550671550676
2996.25390625,-27.936507936507937
2996.2578125,-29.89010989010989
2996.26171875,-31.45299145299145
2996.265625,-34.57875457875458
2996.26953125,-38.876678876678874
2996.2734375,-43.956043956043956
2996.27734375,-50.598290598290596
2996.28125,-60.366300366300365
2996.28515625,-67.78998778998778
2996.2890625,-77.94871794871796
2996.29296875,-82.63736263736263
2996.296875,-80.29304029304029
2996.30078125,-74.82295482295483
2996.3046875,-70.91575091575092
2996.30859375,-68.18070818070818
2996.3125,-66.22710622710623
2996.31640625,-56.06837606837607
2996.3203125,-50.598290598290596
2996.32421875,-50.598290598290596
2996.328125,-49.42612942612943
2996.33203125,-45.90964590964591
2996.3359375,-36.53235653235653
2996.33984375,-26.76434676434676
2996.34375,-18.94993894993895
2996.34765625,-14.261294261294262
2996.3515625,-16.996336996336996
2996.35546875,-17.777777777777775
2996.359375,-9.181929181929183
2996.36328125,-2.1489621489621498
2996.3671875,6.446886446886445
2996.37109375,16.996336996336996
2996.375,16.605616605616603
2996.37890625,13.089133089133089
2996.3828125,19.731379731379732
2996.38671875,27.15506715506715
2996.390625,28.327228327228326
2996.39453125,34.18803418803419
2996.3984375,39.26739926739927
2996.40234375,38.095238095238095
2996.40625,31.843711843711844
2996.41015625,24.420024420024415
2996.4140625,12.307692307692307
2996.41796875,1.3675213675213669
2996.421875,-6.056166056166057
2996.42578125,-12.307692307692308
2996.4296875,-20.903540903540904
2996.43359375,-22.075702075702075
2996.4375,-22.075702075702075
2996.44140625,-28.717948717948715
2996.4453125,-29.108669108669105
2996.44921875,-22.075702075702075
2996.453125,-18.168498168498164
2996.45703125,-12.307692307692308
2996.4609375,-0.19536019536019603
2996.46484375,10.744810744810742
2996.46875,20.51282051282051
2996.47265625,30.67155067155067
2996.4765625,36.14163614163614
2996.48046875,41.221001221001224
2996.484375,51.37973137973138
2996.48828125,60.366300366300365
2996.4921875,63.49206349206349
2996.49609375,63.49206349206349
2996.5,62.71062271062271
2996.50390625,60.757020757020754
2996.5078125,54.11477411477411
2996.51171875,46.30036630036629
2996.515625,40.43956043956044
2996.51953125,34.57875457875458
2996.5234375,25.982905982905983
2996.52734375,16.605616605616603
2996.53125,8.00976800976801
2996.53515625,-0.9768009768009775
2996.5390625,-11.526251526251526
2996.54296875,-13.47985347985348
2996.546875,-8.400488400488399
2996.55078125,-2.9304029304029307
2996.5546875,4.102564102564102
2996.55859375,4.102564102564102
2996.5625,-2.1489621489621498
2996.56640625,0.19536019536019467
2996.5703125,0.19536019536019467
2996.57421875,0.5860805860805853
2996.578125,4.493284493284492
2996.58203125,7.619047619047618
2996.5859375,12.698412698412698
2996.58984375,14.652014652014651
2996.59375,15.04273504273504
2996.59765625,22.075702075702075
2996.6015625,25.59218559218559
2996.60546875,28.327228327228326
2996.609375,37.704517704517706
2996.61328125,41.611721611721606
2996.6171875,43.17460317460317
2996.62109375,46.30036630036629
2996.625,38.485958485958484
2996.62890625,27.545787545787544
2996.6328125,25.982905982905983
2996.63671875,20.903540903540904
2996.640625,11.916971916971914
2996.64453125,6.056166056166055
2996.6484375,5.274725274725273
2996.65234375,5.274725274725273
2996.65625,-1.7582417582417589
2996.66015625,-6.056166056166057
2996.6640625,-12.307692307692308
2996.66796875,-19.340659340659343
2996.671875,-14.261294261294262
2996.67578125,-6.446886446886447
2996.6796875,-3.3211233211233218
2996.68359375,-4.102564102564103
2996.6875,-4.884004884004884
2996.69140625,-17.38705738705739
2996.6953125,-31.843711843711844
2996.69921875,-35.75091575091575
2996.703125,-41.221001221001224
2996.70703125,-50.98901098901099
2996.7109375,-52.94261294261294
2996.71484375,-53.724053724053725
2996.71875,-60.757020757020754
2996.72265625,-61.53846153846153
2996.7265625,-61.14774114774115
2996.73046875,-61.53846153846153
2996.734375,-50.2075702075702
2996.73828125,-38.095238095238095
2996.7421875,-26.373626373626376
2996.74609375,-17.38705738705739
2996.75,-3.3211233211233218
2996.75390625,10.354090354090353
2996.7578125,17.387057387057386
2996.76171875,27.545787545787544
2996.765625,44.346764346764346
2996.76953125,49.81684981684982
2996.7734375,50.98901098901098
2996.77734375,50.598290598290596
2996.78125,42.002442002442
2996.78515625,30.28083028083028
2996.7890625,13.870573870573867
2996.79296875,4.102564102564102
2996.796875,-5.274725274725275
2996.80078125,-11.135531135531137
2996.8046875,-13.47985347985348
2996.80859375,-25.2014652014652
2996.8125,-36.14163614163614
2996.81640625,-39.65811965811965
2996.8203125,-39.26739926739927
2996.82421875,-44.346764346764346
2996.828125,-44.737484737484735
2996.83203125,-39.26739926739927
2996.8359375,-31.45299145299145
2996.83984375,-23.63858363858364
2996.84375,-16.214896214896214
2996.84765625,-9.572649572649572
2996.8515625,-8.00976800976801
2996.85546875,-6.837606837606838
2996.859375,0.19536019536019467
2996.86328125,6.446886446886445
2996.8671875,8.79120879120879
2996.87109375,12.307692307692307
2996.875,7.2283272283272275
2996.87890625,-2.5396825396825404
2996.8828125,-5.274725274725275
2996.88671875,-11.916971916971917
2996.890625,-29.89010989010989
2996.89453125,-45.51892551892551
2996.8984375,-58.02197802197802
2996.90234375,-73.26007326007324
2996.90625,-84.59096459096459
2996.91015625,-93.57753357753357
2996.9140625,-101.78266178266178
2996.91796875,-106.86202686202687
2996.921875,-101.00122100122098
2996.92578125,-90.84249084249085
2996.9296875,-77.55799755799755
2996.93359375,-55.67765567765568
2996.9375,-35.75091575091575
2996.94140625,-25.592185592185594
2996.9453125,-15.433455433455434
2996.94921875,-2.1489621489621498
2996.953125,4.8840048840048835
2996.95703125,9.963369963369964
2996.9609375,15.04273504273504
2996.96484375,15.04273504273504
2996.96875,6.446886446886445
2996.97265625,2.539682539682539
2996.9765625,-9.572649572649572
2996.98046875,-18.94993894993895
2996.984375,-20.122100122100118
2996.98828125,-20.512820512820515
2996.9921875,-20.903540903540904
2996.99609375,-21.684981684981686
2997.0,-21.294261294261293
2997.00390625,-22.466422466422465
2997.0078125,-28.32722832722833
2997.01171875,-25.982905982905983
2997.015625,-20.903540903540904
2997.01953125,-14.261294261294262
2997.0234375,-6.446886446886447
2997.02734375,-6.056166056166057
2997.03125,-2.1489621489621498
2997.03515625,0.19536019536019467
2997.0390625,4.102564102564102
2997.04296875,12.307692307692307
2997.046875,24.420024420024415
2997.05078125,34.96947496947496
2997.0546875,42.39316239316239
2997.05859375,42.39316239316239
2997.0625,42.39316239316239
2997.06640625,51.37973137973138
2997.0703125,62.31990231990232
2997.07421875,61.92918192918192
2997.078125,65.05494505494505
2997.08203125,64.66422466422466
2997.0859375,61.14774114774114
2997.08984375,58.02197802197802
2997.09375,55.28693528693529
2997.09765625,47.863247863247864
2997.1015625,38.095238095238095
2997.10546875,28.717948717948715
2997.109375,21.294261294261293
2997.11328125,14.652014652014651
2997.1171875,9.57264957264957
2997.12109375,13.870573870573867
2997.125,12.307692307692307
2997.12890625,6.446886446886445
2997.1328125,13.089133089133089
2997.13671875,11.526251526251526
2997.140625,8.00976800976801
2997.14453125,16.996336996336996
2997.1484375,25.982905982905983
2997.15234375,33.40659340659341
2997.15625,33.7973137973138
2997.16015625,25.2014652014652
2997.1640625,18.559218559218557
2997.16796875,16.996336996336996
2997.171875,24.420024420024415
2997.17578125,25.982905982905983
2997.1796875,17.777777777777775
2997.18359375,6.056166056166055
2997.1875,-4.884004884004884
2997.19140625,-22.857142857142858
2997.1953125,-34.57875457875458
2997.19921875,-44.346764346764346
2997.203125,-59.58485958485958
2997.20703125,-81.07448107448106
2997.2109375,-89.27960927960926
2997.21484375,-98.65689865689866
2997.21875,-106.08058608058609
2997.22265625,-106.08058608058609
2997.2265625,-122.1001221001221
2997.23046875,-132.64957264957266
2997.234375,-129.91452991452988
2997.23828125,-130.6959706959707
2997.2421875,-117.8021978021978
2997.24609375,-101.39194139194139
2997.25,-86.93528693528694
2997.25390625,-72.47863247863248
2997.2578125,-65.44566544566544
2997.26171875,-58.80341880341879
2997.265625,-48.64468864468864
2997.26953125,-32.62515262515262
2997.2734375,-22.075702075702075
2997.27734375,-12.307692307692308
2997.28125,-4.493284493284494
2997.28515625,1.7582417582417573
2997.2890625,0.19536019536019467
2997.29296875,6.446886446886445
2997.296875,17.387057387057386
2997.30078125,23.638583638583636
2997.3046875,31.45299145299145
2997.30859375,34.96947496947496
2997.3125,31.45299145299145
2997.31640625,35.36019536019536
2997.3203125,39.65811965811965
2997.32421875,43.17460317460317
2997.328125,43.17460317460317
2997.33203125,48.253968253968246
2997.3359375,52.94261294261293
2997.33984375,49.42612942612943
2997.34375,50.2075702075702
2997.34765625,44.737484737484735
2997.3515625,37.313797313797316
2997.35546875,29.89010989010989
2997.359375,26.76434676434676
2997.36328125,22.857142857142858
2997.3671875,17.777777777777775
2997.37109375,11.916971916971914
2997.375,-3.711843711843712
2997.37890625,-19.340659340659343
2997.3828125,-26.76434676434676
2997.38671875,-36.14163614163614
2997.390625,-47.081807081807085
2997.39453125,-53.724053724053725
2997.3984375,-58.80341880341879
2997.40234375,-61.14774114774115
2997.40625,-65.44566544566544
2997.41015625,-64.66422466422466
2997.4140625,-52.16117216117215
2997.41796875,-32.23443223443223
2997.421875,0.976800976800976
2997.42578125,32.23443223443223
2997.4296875,54.896214896214886
2997.43359375,74.04151404151403
2997.4375,88.4981684981685
2997.44140625,100.21978021978022
2997.4453125,112.72283272283272
2997.44921875,123.66300366300366
2997.453125,125.61660561660561
2997.45703125,114.67643467643468
2997.4609375,109.98778998778998
2997.46484375,103.73626373626372
2997.46875,95.92185592185591
2997.47265625,86.54456654456654
2997.4765625,69.35286935286933
2997.48046875,49.42612942612943
2997.484375,39.65811965811965
2997.48828125,36.14163614163614
2997.4921875,29.108669108669105
2997.49609375,22.857142857142858
2997.5,22.46642246642246
2997.50390625,20.122100122100118
2997.5078125,19.731379731379732
2997.51171875,30.28083028083028
2997.515625,36.53235653235653
2997.51953125,49.03540903540903
2997.5234375,57.631257631257625
2997.52734375,60.366300366300365
2997.53125,59.58485958485958
2997.53515625,58.02197802197802
2997.5390625,45.51892551892551
2997.54296875,42.002442002442
2997.546875,41.221001221001224
2997.55078125,35.36019536019536
2997.5546875,28.717948717948715
2997.55859375,10.354090354090353
2997.5625,-12.307692307692308
2997.56640625,-24.02930402930403
2997.5703125,-34.57875457875458
2997.57421875,-45.90964590964591
2997.578125,-51.77045177045177
2997.58203125,-56.45909645909646
2997.5859375,-61.14774114774115
2997.58984375,-57.631257631257625
2997.59375,-63.882783882783876
2997.59765625,-68.57142857142857
2997.6015625,-68.18070818070818
2997.60546875,-68.96214896214896
2997.609375,-61.92918192918192
2997.61328125,-43.17460317460318
2997.6171875,-25.592185592185594
2997.62109375,-10.744810744810744
2997.625,1.7582417582417573
2997.62890625,7.2283272283272275
2997.6328125,20.122100122100118
2997.63671875,37.313797313797316
2997.640625,47.863247863247864
2997.64453125,52.55189255189255
2997.6484375,58.02197802197802
2997.65234375,52.94261294261293
2997.65625,42.002442002442
2997.66015625,39.65811965811965
2997.6640625,30.67155067155067
2997.66796875,18.559218559218557
2997.671875,14.652014652014651
2997.67578125,4.8840048840048835
2997.6796875,-6.837606837606838
2997.68359375,-8.400488400488399
2997.6875,-6.446886446886447
2997.69140625,-9.181929181929183
2997.6953125,-13.08913308913309
2997.69921875,-14.652014652014653
2997.703125,-15.04273504273504
2997.70703125,-22.466422466422465
2997.7109375,-12.698412698412698
2997.71484375,-7.228327228327229
2997.71875,-8.00976800976801
2997.72265625,-14.652014652014653
2997.7265625,-26.76434676434676
2997.73046875,-32.23443223443223
2997.734375,-29.4993894993895
2997.73828125,-17.38705738705739
2997.7421875,-17.38705738705739
2997.74609375,-18.55921855921856
2997.75,-18.168498168498164
2997.75390625,-17.777777777777775
2997.7578125,-20.512820512820515
2997.76171875,-13.47985347985348
2997.765625,-7.228327228327229
2997.76953125,-2.1489621489621498
2997.7734375,6.446886446886445
2997.77734375,14.26129426129426
2997.78125,21.684981684981683
2997.78515625,28.717948717948715
2997.7890625,31.843711843711844
2997.79296875,34.57875457875458
2997.796875,38.095238095238095
2997.80078125,44.737484737484735
2997.8046875,51.37973137973138
2997.80859375,51.37973137973138
2997.8125,47.863247863247864
2997.81640625,51.37973137973138
2997.8203125,51.37973137973138
2997.82421875,42.78388278388278
2997.828125,40.04884004884005
2997.83203125,36.14163614163614
2997.8359375,32.23443223443223
2997.83984375,29.108669108669105
2997.84375,26.76434676434676
2997.84765625,18.559218559218557
2997.8515625,10.744810744810742
2997.85546875,8.00976800976801
2997.859375,13.089133089133089
2997.86328125,24.810744810744808
2997.8671875,33.015873015873005
2997.87109375,38.87667887667887
2997.875,37.313797313797316
2997.87890625,33.7973137973138
2997.8828125,36.14163614163614
2997.88671875,40.04884004884005
2997.890625,39.65811965811965
2997.89453125,38.095238095238095
2997.8984375,45.128205128205124
2997.90234375,59.19413919413919
2997.90625,66.61782661782661
2997.91015625,68.57142857142857
2997.9140625,75.99511599511598
2997.91796875,78.73015873015873
2997.921875,87.7167277167277
2997.92578125,102.56410256410255
2997.9296875,114.28571428571428
2997.93359375,120.53724053724054
2997.9375,125.22588522588521
2997.94140625,122.1001221001221
2997.9453125,116.23931623931624
2997.94921875,117.020757020757
2997.953125,118.19291819291819
2997.95703125,115.45787545787546
2997.9609375,119.36507936507937
2997.96484375,114.28571428571428
2997.96875,107.25274725274726
2997.97265625,104.51770451770452
2997.9765625,97.87545787545787
2997.98046875,101.78266178266178
2997.984375,106.08058608058607
2997.98828125,114.67643467643468
2997.9921875,113.5042735042735
2997.99609375,106.86202686202687
2998.0,109.59706959706959
2998.00390625,107.25274725274726
2998.0078125,101.39194139194139
2998.01171875,99.43833943833944
2998.015625,96.7032967032967
2998.01953125,93.57753357753357
2998.0234375,87.32600732600733
2998.02734375,75.6043956043956
2998.03125,62.71062271062271
2998.03515625,50.98901098901098
2998.0390625,36.53235653235653
2998.04296875,32.23443223443223
2998.046875,35.75091575091575
2998.05078125,42.78388278388278
2998.0546875,49.42612942612943
2998.05859375,54.505494505494504
2998.0625,54.505494505494504
2998.06640625,61.14774114774114
2998.0703125,66.61782661782661
2998.07421875,63.10134310134309
2998.078125,58.80341880341879
2998.08203125,52.94261294261293
2998.0859375,51.77045177045177
2998.08984375,48.64468864468864
2998.09375,44.346764346764346
2998.09765625,34.57875457875458
2998.1015625,22.075702075702075
2998.10546875,10.744810744810742
2998.109375,6.446886446886445
2998.11328125,6.446886446886445
2998.1171875,11.916971916971914
2998.12109375,16.996336996336996
2998.125,9.57264957264957
2998.12890625,8.400488400488397
2998.1328125,12.307692307692307
2998.13671875,17.387057387057386
2998.140625,22.857142857142858
2998.14453125,27.15506715506715
2998.1484375,32.23443223443223
2998.15234375,35.36019536019536
2998.15625,36.14163614163614
2998.16015625,37.704517704517706
2998.1640625,36.92307692307691
2998.16796875,31.843711843711844
2998.171875,30.28083028083028
2998.17578125,27.545787545787544
2998.1796875,18.94993894993895
2998.18359375,16.605616605616603
2998.1875,9.57264957264957
2998.19140625,-5.665445665445666
2998.1953125,-21.294261294261293
2998.19921875,-35.75091575091575
2998.203125,-49.81684981684982
2998.20703125,-67.3992673992674
2998.2109375,-77.55799755799755
2998.21484375,-88.1074481074481
2998.21875,-98.65689865689866
2998.22265625,-103.73626373626372
2998.2265625,-117.8021978021978
2998.23046875,-124.83516483516483
2998.234375,-122.1001221001221
2998.23828125,-109.98778998779
2998.2421875,-95.14041514041514
2998.24609375,-84.59096459096459
2998.25,-70.91575091575092
2998.25390625,-72.47863247863248
2998.2578125,-75.6043956043956
2998.26171875,-63.101343101343105
2998.265625,-54.89621489621489
2998.26953125,-46.69108669108669
2998.2734375,-35.75091575091575
2998.27734375,-41.221001221001224
2998.28125,-47.47252747252747
2998.28515625,-49.42612942612943
2998.2890625,-54.89621489621489
2998.29296875,-59.58485958485958
2998.296875,-60.366300366300365
2998.30078125,-47.47252747252747
2998.3046875,-36.14163614163614
2998.30859375,-30.28083028083028
2998.3125,-24.02930402930403
2998.31640625,-18.168498168498164
2998.3203125,-14.261294261294262
2998.32421875,-14.652014652014653
2998.328125,-9.181929181929183
2998.33203125,-5.274725274725275
2998.3359375,-5.665445665445666
2998.33984375,0.19536019536019467
2998.34375,-2.9304029304029307
2998.34765625,-7.619047619047619
2998.3515625,-8.791208791208792
2998.35546875,-12.698412698412698
2998.359375,-9.572649572649572
2998.36328125,-13.87057387057387
2998.3671875,-24.02930402930403
2998.37109375,-36.53235653235653
2998.375,-48.64468864468864
2998.37890625,-54.89621489621489
2998.3828125,-52.55189255189255
2998.38671875,-56.84981684981685
2998.390625,-65.83638583638584
2998.39453125,-71.6971916971917
2998.3984375,-78.33943833943833
2998.40234375,-67.00854700854701
2998.40625,-61.14774114774115
2998.41015625,-59.1941391941392
2998.4140625,-58.80341880341879
2998.41796875,-51.37973137973138
2998.421875,-26.373626373626376
2998.42578125,-1.3675213675213682
2998.4296875,24.810744810744808
2998.43359375,35.75091575091575
2998.4375,44.346764346764346
2998.44140625,29.499389499389494
2998.4453125,20.51282051282051
2998.44921875,29.499389499389494
2998.453125,20.122100122100118
2998.45703125,22.46642246642246
2998.4609375,23.638583638583636
2998.46484375,12.698412698412698
2998.46875,-5.274725274725275
2998.47265625,-12.307692307692308
2998.4765625,-26.76434676434676
2998.48046875,-39.65811965811965
2998.484375,-40.04884004884005
2998.48828125,-36.53235653235653
2998.4921875,-49.81684981684982
2998.49609375,-53.724053724053725
2998.5,-41.611721611721606
2998.50390625,-30.671550671550676
2998.5078125,-27.15506715506715
2998.51171875,-13.47985347985348
2998.515625,-11.526251526251526
2998.51953125,-10.354090354090355
2998.5234375,-9.572649572649572
2998.52734375,-4.884004884004884
2998.53125,-3.711843711843712
2998.53515625,-2.9304029304029307
2998.5390625,-2.9304029304029307
2998.54296875,3.3211233211233204
2998.546875,4.8840048840048835
2998.55078125,9.57264957264957
2998.5546875,9.181929181929181
2998.55859375,-8.00976800976801
2998.5625,-29.108669108669105
2998.56640625,-31.45299145299145
2998.5703125,-39.65811965811965
2998.57421875,-38.485958485958484
2998.578125,-34.18803418803419
2998.58203125,-33.40659340659341
2998.5859375,-34.57875457875458
2998.58984375,-33.40659340659341
2998.59375,-34.969474969474966
2998.59765625,-36.14163614163614
2998.6015625,-38.876678876678874
2998.60546875,-30.671550671550676
2998.609375,-27.936507936507937
2998.61328125,-22.075702075702075
2998.6171875,-18.168498168498164
2998.62109375,-18.94993894993895
2998.625,-17.777777777777775
2998.62890625,-20.512820512820515
2998.6328125,-8.791208791208792
2998.63671875,-8.791208791208792
2998.640625,-20.122100122100118
2998.64453125,-24.810744810744808
2998.6484375,-23.247863247863247
2998.65234375,-18.55921855921856
2998.65625,-6.446886446886447
2998.66015625,-1.7582417582417589
2998.6640625,-8.400488400488399
2998.66796875,-18.94993894993895
2998.671875,-18.55921855921856
2998.67578125,-9.963369963369964
2998.6796875,3.711843711843711
2998.68359375,17.777777777777775
2998.6875,11.526251526251526
2998.69140625,-4.493284493284494
2998.6953125,-6.056166056166057
2998.69921875,-9.572649572649572
2998.703125,-1.7582417582417589
2998.70703125,6.446886446886445
2998.7109375,3.711843711843711
2998.71484375,-15.04273504273504
2998.71875,-11.135531135531137
2998.72265625,-16.605616605616607
2998.7265625,-22.857142857142858
2998.73046875,-13.87057387057387
2998.734375,-1.3675213675213682
2998.73828125,2.539682539682539
2998.7421875,13.089133089133089
2998.74609375,21.684981684981683
2998.75,22.46642246642246
2998.75390625,26.373626373626372
2998.7578125,23.247863247863247
2998.76171875,22.075702075702075
2998.765625,18.94993894993895
2998.76953125,24.02930402930403
2998.7734375,34.96947496947496
2998.77734375,36.14163614163614
2998.78125,24.810744810744808
2998.78515625,31.06227106227106
2998.7890625,20.903540903540904
2998.79296875,19.731379731379732
2998.796875,29.89010989010989
2998.80078125,33.7973137973138
2998.8046875,40.43956043956044
2998.80859375,37.313797313797316
2998.8125,29.499389499389494
2998.81640625,27.15506715506715
2998.8203125,29.499389499389494
2998.82421875,29.499389499389494
2998.828125,33.015873015873005
2998.83203125,35.36019536019536
2998.8359375,13.089133089133089
2998.83984375,-8.00976800976801
2998.84375,-26.373626373626376
2998.84765625,-28.717948717948715
2998.8515625,-31.45299145299145
2998.85546875,-29.89010989010989
2998.859375,-29.108669108669105
2998.86328125,-25.982905982905983
2998.8671875,-17.777777777777775
2998.87109375,-4.493284493284494
2998.875,-17.38705738705739
2998.87890625,-27.545787545787547
2998.8828125,-28.717948717948715
2998.88671875,-45.90964590964591
2998.890625,-38.876678876678874
2998.89453125,-18.55921855921856
2998.8984375,-35.75091575091575
2998.90234375,-28.717948717948715
2998.90625,-18.55921855921856
2998.91015625,-33.7973137973138
2998.9140625,-32.23443223443223
2998.91796875,-28.32722832722833
2998.921875,-17.777777777777775
2998.92578125,-7.619047619047619
2998.9296875,1.7582417582417573
2998.93359375,25.59218559218559
2998.9375,17.777777777777775
2998.94140625,6.837606837606837
2998.9453125,16.996336996336996
2998.94921875,20.51282051282051
2998.953125,23.638583638583636
2998.95703125,33.40659340659341
2998.9609375,30.67155067155067
2998.96484375,25.982905982905983
2998.96875,24.420024420024415
2998.97265625,20.903540903540904
2998.9765625,5.274725274725273
2998.98046875,1.7582417582417573
2998.984375,10.744810744810742
2998.98828125,13.870573870573867
2998.9921875,6.446886446886445
2998.99609375,13.870573870573867
2999.0,-11.135531135531137
2999.00390625,-18.168498168498164
2999.0078125,-4.884004884004884
2999.01171875,-10.354090354090355
2999.015625,-15.824175824175823
2999.01953125,-17.38705738705739
2999.0234375,-20.512820512820515
2999.02734375,-13.47985347985348
2999.03125,3.711843711843711
2999.03515625,15.04273504273504
2999.0390625,7.2283272283272275
2999.04296875,6.056166056166055
2999.046875,11.135531135531135
2999.05078125,22.075702075702075
2999.0546875,25.59218559218559
2999.05859375,26.373626373626372
2999.0625,-15.04273504273504
2999.06640625,-34.18803418803419
2999.0703125,-29.108669108669105
2999.07421875,-29.4993894993895
2999.078125,-11.135531135531137
2999.08203125,9.181929181929181
2999.0859375,11.135531135531135
2999.08984375,13.47985347985348
2999.09375,22.46642246642246
2999.09765625,36.14163614163614
2999.1015625,47.863247863247864
2999.10546875,57.631257631257625
2999.109375,68.18070818070818
2999.11328125,61.92918192918192
2999.1171875,65.83638583638583
2999.12109375,82.63736263736263
2999.125,79.90231990231989
2999.12890625,82.24664224664225
2999.1328125,100.21978021978022
2999.13671875,67.78998778998778
2999.140625,53.724053724053725
2999.14453125,51.77045177045177
2999.1484375,48.64468864468864
2999.15234375,56.45909645909646
2999.15625,66.61782661782661
2999.16015625,69.74358974358974
2999.1640625,69.74358974358974
2999.16796875,79.12087912087912
2999.171875,88.4981684981685
2999.17578125,97.87545787545787
2999.1796875,103.34554334554335
2999.18359375,101.39194139194139
2999.1875,115.45787545787546
2999.19140625,116.23931623931624
2999.1953125,130.3052503052503
2999.19921875,138.5103785103785
2999.203125,132.25885225885224
2999.20703125,138.5103785103785
2999.2109375,112.33211233211233
2999.21484375,101.39194139194139
2999.21875,97.48473748473748
2999.22265625,86.93528693528694
2999.2265625,72.47863247863248
2999.23046875,70.91575091575092
2999.234375,71.6971916971917
2999.23828125,70.52503052503052
2999.2421875,71.6971916971917
2999.24609375,78.33943833943833
2999.25,86.54456654456654
2999.25390625,88.88888888888889
2999.2578125,92.4053724053724
2999.26171875,90.45177045177044
2999.265625,86.15384615384615
2999.26953125,95.92185592185591
2999.2734375,99.04761904761905
2999.27734375,99.82905982905982
2999.28125,108.03418803418803
2999.28515625,105.68986568986568
2999.2890625,85.37240537240537
2999.29296875,97.48473748473748
2999.296875,67.78998778998778
2999.30078125,53.333333333333336
2999.3046875,58.80341880341879
2999.30859375,43.17460317460317
2999.3125,22.075702075702075
2999.31640625,7.2283272283272275
2999.3203125,-6.446886446886447
2999.32421875,-25.592185592185594
2999.328125,-29.4993894993895
2999.33203125,-26.373626373626376
2999.3359375,-28.32722832722833
2999.33984375,-29.89010989010989
2999.34375,-34.57875457875458
2999.34765625,-43.56532356532356
2999.3515625,-46.30036630036629
2999.35546875,-42.78388278388278
2999.359375,-18.168498168498164
2999.36328125,-4.102564102564103
2999.3671875,24.810744810744808
2999.37109375,33.015873015873005
2999.375,15.824175824175823
2999.37890625,31.06227106227106
2999.3828125,49.81684981684982
2999.38671875,48.64468864468864
2999.390625,46.30036630036629
2999.39453125,45.90964590964591
2999.3984375,45.128205128205124
2999.40234375,51.37973137973138
2999.40625,58.41269841269841
2999.41015625,62.31990231990232
2999.4140625,42.78388278388278
2999.41796875,25.59218559218559
2999.421875,26.373626373626372
2999.42578125,26.373626373626372
2999.4296875,23.638583638583636
2999.43359375,29.89010989010989
2999.4375,29.108669108669105
2999.44140625,22.075702075702075
2999.4453125,13.870573870573867
2999.44921875,6.837606837606837
2999.453125,4.8840048840048835
2999.45703125,6.446886446886445
2999.4609375,13.47985347985348
2999.46484375,7.2283272283272275
2999.46875,4.493284493284492
2999.47265625,-31.45299145299145
2999.4765625,-47.081807081807085
2999.48046875,-45.12820512820513
2999.484375,-35.36019536019536
2999.48828125,-18.94993894993895
2999.4921875,-15.824175824175823
2999.49609375,-22.857142857142858
2999.5,-29.4993894993895
2999.50390625,-36.14163614163614
2999.5078125,-43.17460317460318
2999.51171875,-47.863247863247864
2999.515625,-56.84981684981685
2999.51953125,-57.631257631257625
2999.5234375,-61.53846153846153
2999.52734375,-71.6971916971917
2999.53125,-61.53846153846153
2999.53515625,-57.631257631257625
2999.5390625,-59.58485958485958
2999.54296875,-42.78388278388278
2999.546875,-56.84981684981685
2999.55078125,-62.31990231990232
2999.5546875,-59.1941391941392
2999.55859375,-61.14774114774115
2999.5625,-57.631257631257625
2999.56640625,-43.56532356532356
2999.5703125,-44.346764346764346
2999.57421875,-55.28693528693529
2999.578125,-61.53846153846153
2999.58203125,-68.18070818070818
2999.5859375,-65.05494505494505
2999.58984375,-52.16117216117215
2999.59375,-47.863247863247864
2999.59765625,-47.47252747252747
2999.6015625,-42.39316239316239
2999.60546875,-57.631257631257625
2999.609375,-66.22710622710623
2999.61328125,-59.1941391941392
2999.6171875,-47.081807081807085
2999.62109375,-42.002442002442
2999.625,-40.04884004884005
2999.62890625,-38.876678876678874
2999.6328125,-59.58485958485958
2999.63671875,-60.366300366300365
2999.640625,-61.14774114774115
2999.64453125,-64.66422466422466
2999.6484375,-64.66422466422466
2999.65234375,-65.83638583638584
2999.65625,-70.91575091575092
2999.66015625,-78.33943833943833
2999.6640625,-80.29304029304029
2999.66796875,-77.94871794871796
2999.671875,-71.6971916971917
2999.67578125,-60.366300366300365
2999.6796875,-64.66422466422466
2999.68359375,-66.61782661782661
2999.6875,-56.84981684981685
2999.69140625,-51.37973137973138
2999.6953125,-37.313797313797316
2999.69921875,-5.274725274725275
2999.703125,2.539682539682539
2999.70703125,-12.698412698412698
2999.7109375,-13.87057387057387
2999.71484375,-30.28083028083028
2999.71875,-40.83028083028083
2999.72265625,-35.36019536019536
2999.7265625,-37.704517704517706
2999.73046875,-36.53235653235653
2999.734375,-27.545787545787547
2999.73828125,-18.55921855921856
2999.7421875,-14.652014652014653
2999.74609375,-10.354090354090355
2999.75,-4.493284493284494
2999.75390625,0.5860805860805853
2999.7578125,-3.3211233211233218
2999.76171875,-5.274725274725275
2999.765625,-1.3675213675213682
2999.76953125,-0.5860805860805868
2999.7734375,-1.7582417582417589
2999.77734375,-0.9768009768009775
2999.78125,-8.00976800976801
2999.78515625,-14.652014652014653
2999.7890625,-23.247863247863247
2999.79296875,-28.32722832722833
2999.796875,-28.717948717948715
2999.80078125,-25.982905982905983
2999.8046875,-29.4993894993895
2999.80859375,-38.876678876678874
2999.8125,-53.724053724053725
2999.81640625,-58.41269841269841
2999.8203125,-63.882783882783876
2999.82421875,-72.86935286935287
2999.828125,-70.91575091575092
2999.83203125,-82.63736263736263
2999.8359375,-94.35897435897435
2999.83984375,-95.14041514041514
2999.84375,-111.15995115995116
2999.84765625,-115.84859584859583
2999.8515625,-118.58363858363857
2999.85546875,-115.45787545787546
2999.859375,-112.72283272283272
2999.86328125,-106.86202686202687
2999.8671875,-95.92185592185591
2999.87109375,-87.32600732600733
2999.875,-81.85592185592186
2999.87890625,-68.96214896214896
2999.8828125,-58.41269841269841
2999.88671875,-52.55189255189255
2999.890625,-48.253968253968246
2999.89453125,-43.17460317460318
2999.8984375,-31.45299145299145
2999.90234375,-16.996336996336996
2999.90625,-9.181929181929183
2999.91015625,-5.665445665445666
2999.9140625,1.3675213675213669
2999.91796875,-1.3675213675213682
2999.921875,8.400488400488397
2999.92578125,20.51282051282051
2999.9296875,0.19536019536019467
2999.93359375,2.1489621489621484
2999.9375,2.539682539682539
2999.94140625,-3.3211233211233218
2999.9453125,1.3675213675213669
2999.94921875,8.400488400488397
2999.953125,9.181929181929181
2999.95703125,5.665445665445665
2999.9609375,7.2283272283272275
2999.96484375,4.493284493284492
2999.96875,0.19536019536019467
2999.97265625,-4.493284493284494
2999.9765625,-16.214896214896214
2999.98046875,-25.982905982905983
2999.984375,-26.76434676434676
2999.98828125,-30.28083028083028
2999.9921875,-43.17460317460318
2999.99609375,-48.253968253968246
3000.0,-45.51892551892551
3000.00390625,-52.55189255189255
3000.0078125,-56.45909645909646
3000.01171875,-51.77045177045177
3000.015625,-67.78998778998778
3000.01953125,-70.13431013431014
3000.0234375,-67.78998778998778
3000.02734375,-67.3992673992674
3000.03125,-68.18070818070818
3000.03515625,-70.52503052503052
3000.0390625,-73.65079365079364
3000.04296875,-81.85592185592186
3000.046875,-84.59096459096459
3000.05078125,-76.38583638583638
3000.0546875,-71.6971916971917
3000.05859375,-73.26007326007324
3000.0625,-71.30647130647131
3000.06640625,-67.3992673992674
3000.0703125,-64.27350427350427
3000.07421875,-59.58485958485958
3000.078125,-60.757020757020754
3000.08203125,-59.58485958485958
3000.0859375,-51.77045177045177
3000.08984375,-47.863247863247864
3000.09375,-43.17460317460318
3000.09765625,-42.002442002442
3000.1015625,-43.56532356532356
3000.10546875,-44.346764346764346
3000.109375,-41.221001221001224
3000.11328125,-30.28083028083028
3000.1171875,-20.903540903540904
3000.12109375,-14.261294261294262
3000.125,-12.698412698412698
3000.12890625,-13.47985347985348
3000.1328125,-15.824175824175823
3000.13671875,-16.605616605616607
3000.140625,-19.340659340659343
3000.14453125,-23.63858363858364
3000.1484375,-25.592185592185594
3000.15234375,-24.810744810744808
3000.15625,-33.40659340659341
3000.16015625,-40.04884004884005
3000.1640625,-48.64468864468864
3000.16796875,-52.16117216117215
3000.171875,-46.69108669108669
3000.17578125,-45.51892551892551
3000.1796875,-40.83028083028083
3000.18359375,-31.843711843711844
3000.1875,-26.373626373626376
3000.19140625,-29.108669108669105
3000.1953125,-27.15506715506715
3000.19921875,-24.02930402930403
3000.203125,-21.294261294261293
3000.20703125,-17.777777777777775
3000.2109375,-8.400488400488399
3000.21484375,-8.791208791208792
3000.21875,-10.354090354090355
3000.22265625,-13.08913308913309
3000.2265625,-21.294261294261293
3000.23046875,-23.247863247863247
3000.234375,-20.903540903540904
3000.23828125,-12.307692307692308
3000.2421875,-8.00976800976801
3000.24609375,-5.274725274725275
3000.25,2.1489621489621484
3000.25390625,8.00976800976801
3000.2578125,3.3211233211233204
3000.26171875,4.8840048840048835
3000.265625,4.493284493284492
3000.26953125,4.8840048840048835
3000.2734375,2.9304029304029293
3000.27734375,3.3211233211233204
3000.28125,0.5860805860805853
3000.28515625,0.19536019536019467
3000.2890625,-0.5860805860805868
3000.29296875,-1.3675213675213682
3000.296875,1.3675213675213669
3000.30078125,3.711843711843711
3000.3046875,6.837606837606837
3000.30859375,6.837606837606837
3000.3125,6.446886446886445
3000.31640625,14.26129426129426
3000.3203125,22.46642246642246
3000.32421875,22.46642246642246
3000.328125,22.075702075702075
3000.33203125,24.810744810744808
3000.3359375,22.075702075702075
3000.33984375,21.684981684981683
3000.34375,22.075702075702075
3000.34765625,15.04273504273504
3000.3515625,6.837606837606837
3000.35546875,2.1489621489621484
3000.359375,-3.711843711843712
3000.36328125,-6.446886446886447
3000.3671875,-6.837606837606838
3000.37109375,-2.9304029304029307
3000.375,-1.3675213675213682
3000.37890625,-2.5396825396825404
3000.3828125,2.9304029304029293
3000.38671875,8.79120879120879
3000.390625,4.8840048840048835
3000.39453125,16.605616605616603
3000.3984375,27.15506715506715
3000.40234375,30.67155067155067
3000.40625,31.06227106227106
3000.41015625,25.982905982905983
3000.4140625,13.870573870573867
3000.41796875,6.446886446886445
3000.421875,11.526251526251526
3000.42578125,8.400488400488397
3000.4296875,4.8840048840048835
3000.43359375,10.744810744810742
3000.4375,16.996336996336996
3000.44140625,12.698412698412698
3000.4453125,16.996336996336996
3000.44921875,24.02930402930403
3000.453125,21.684981684981683
3000.45703125,27.936507936507937
3000.4609375,38.87667887667887
3000.46484375,46.69108669108669
3000.46875,50.598290598290596
3000.47265625,54.896214896214886
3000.4765625,53.333333333333336
3000.48046875,50.598290598290596
3000.484375,54.896214896214886
3000.48828125,64.66422466422466
3000.4921875,63.882783882783876
3000.49609375,61.92918192918192
3000.5,65.44566544566544
3000.50390625,65.44566544566544
3000.5078125,59.58485958485958
3000.51171875,58.41269841269841
3000.515625,58.80341880341879
3000.51953125,55.67765567765568
3000.5234375,58.02197802197802
3000.52734375,57.24053724053724
3000.53125,56.84981684981684
3000.53515625,58.41269841269841
3000.5390625,57.24053724053724
3000.54296875,57.631257631257625
3000.546875,63.10134310134309
3000.55078125,70.91575091575092
3000.5546875,76.77655677655677
3000.55859375,75.6043956043956
3000.5625,75.6043956043956
3000.56640625,77.55799755799755
3000.5703125,83.8095238095238
3000.57421875,82.63736263736263
3000.578125,78.73015873015873
3000.58203125,75.6043956043956
3000.5859375,66.22710622710623
3000.58984375,63.10134310134309
3000.59375,63.882783882783876
3000.59765625,56.06837606837607
3000.6015625,49.81684981684982
3000.60546875,49.03540903540903
3000.609375,45.90964590964591
3000.61328125,49.03540903540903
3000.6171875,59.19413919413919
3000.62109375,61.92918192918192
3000.625,61.92918192918192
3000.62890625,63.49206349206349
3000.6328125,70.91575091575092
3000.63671875,76.77655677655677
3000.640625,79.90231990231989
3000.64453125,84.2002442002442
3000.6484375,86.15384615384615
3000.65234375,88.4981684981685
3000.65625,85.76312576312576
3000.66015625,80.68376068376068
3000.6640625,68.18070818070818
3000.66796875,62.71062271062271
3000.671875,63.10134310134309
3000.67578125,61.53846153846153
3000.6796875,59.19413919413919
3000.68359375,58.02197802197802
3000.6875,50.2075702075702
3000.69140625,35.75091575091575
3000.6953125,23.638583638583636
3000.69921875,13.089133089133089
3000.703125,5.665445665445665
3000.70703125,-4.493284493284494
3000.7109375,-9.181929181929183
3000.71484375,-20.512820512820515
3000.71875,-31.45299145299145
3000.72265625,-41.611721611721606
3000.7265625,-53.724053724053725
3000.73046875,-61.14774114774115
3000.734375,-60.757020757020754
3000.73828125,-58.41269841269841
3000.7421875,-61.92918192918192
3000.74609375,-63.882783882783876
3000.75,-63.882783882783876
3000.75390625,-63.882783882783876
3000.7578125,-65.05494505494505
3000.76171875,-68.57142857142857
3000.765625,-71.30647130647131
3000.76953125,-67.3992673992674
3000.7734375,-65.83638583638584
3000.77734375,-63.49206349206349
3000.78125,-63.101343101343105
3000.78515625,-63.101343101343105
3000.7890625,-63.49206349206349
3000.79296875,-61.53846153846153
3000.796875,-54.11477411477411
3000.80078125,-43.17460317460318
3000.8046875,-38.095238095238095
3000.80859375,-46.69108669108669
3000.8125,-52.94261294261294
3000.81640625,-59.58485958485958
3000.8203125,-71.6971916971917
3000.82421875,-83.02808302808303
3000.828125,-95.92185592185591
3000.83203125,-107.25274725274726
3000.8359375,-112.33211233211233
3000.83984375,-117.4114774114774
3000.84375,-123.27228327228327
3000.84765625,-124.44444444444444
3000.8515625,-129.52380952380952
3000.85546875,-125.22588522588521
3000.859375,-112.33211233211233
3000.86328125,-101.39194139194139
3000.8671875,-87.32600732600733
3000.87109375,-75.99511599511598
3000.875,-76.38583638583638
3000.87890625,-75.6043956043956
3000.8828125,-64.66422466422466
3000.88671875,-52.55189255189255
3000.890625,-43.17460317460318
3000.89453125,-32.23443223443223
3000.8984375,-26.373626373626376
3000.90234375,-20.122100122100118
3000.90625,-18.55921855921856
3000.91015625,-15.433455433455434
3000.9140625,-16.214896214896214
3000.91796875,-16.214896214896214
3000.921875,-11.135531135531137
3000.92578125,-8.00976800976801
3000.9296875,-7.228327228327229
3000.93359375,-0.5860805860805868
3000.9375,0.5860805860805853
3000.94140625,-3.711843711843712
3000.9453125,-6.837606837606838
3000.94921875,-11.526251526251526
3000.953125,-18.168498168498164
3000.95703125,-21.294261294261293
3000.9609375,-24.810744810744808
3000.96484375,-27.936507936507937
3000.96875,-31.843711843711844
3000.97265625,-34.57875457875458
3000.9765625,-44.737484737484735
3000.98046875,-47.47252747252747
3000.984375,-44.737484737484735
3000.98828125,-40.04884004884005
3000.9921875,-42.39316239316239
3000.99609375,-43.56532356532356
3001.0,-43.17460317460318
3001.00390625,-44.737484737484735
3001.0078125,-46.69108669108669
3001.01171875,-48.253968253968246
3001.015625,-45.51892551892551
3001.01953125,-40.43956043956044
3001.0234375,-34.57875457875458
3001.02734375,-33.7973137973138
3001.03125,-31.45299145299145
3001.03515625,-25.592185592185594
3001.0390625,-25.982905982905983
3001.04296875,-11.916971916971917
3001.046875,-0.5860805860805868
3001.05078125,11.526251526251526
3001.0546875,22.857142857142858
3001.05859375,22.857142857142858
3001.0625,17.387057387057386
3001.06640625,14.652014652014651
3001.0703125,9.57264957264957
3001.07421875,5.665445665445665
3001.078125,5.274725274725273
3001.08203125,6.837606837606837
3001.0859375,9.963369963369964
3001.08984375,10.354090354090353
3001.09375,10.744810744810742
3001.09765625,8.400488400488397
3001.1015625,5.274725274725273
3001.10546875,5.274725274725273
3001.109375,5.274725274725273
3001.11328125,4.493284493284492
3001.1171875,10.744810744810742
3001.12109375,9.57264957264957
3001.125,-3.3211233211233218
3001.12890625,-13.08913308913309
3001.1328125,-19.340659340659343
3001.13671875,-27.936507936507937
3001.140625,-40.04884004884005
3001.14453125,-56.84981684981685
3001.1484375,-69.35286935286933
3001.15234375,-91.23321123321124
3001.15625,-109.98778998779
3001.16015625,-129.52380952380952
3001.1640625,-159.21855921855922
3001.16796875,-178.75457875457872
3001.171875,-195.55555555555554
3001.17578125,-199.07203907203908
3001.1796875,-206.49572649572647
3001.18359375,-206.8864468864469
3001.1875,-208.05860805860806
3001.19140625,-217.04517704517704
3001.1953125,-224.46886446886447
3001.19921875,-224.85958485958486
3001.203125,-222.12454212454213
3001.20703125,-216.65445665445665
3001.2109375,-206.1050061050061
3001.21484375,-197.11843711843713
3001.21875,-193.99267399267396
3001.22265625,-186.56898656898656
3001.2265625,-187.74114774114773
3001.23046875,-179.9267399267399
3001.234375,-164.29792429792428
3001.23828125,-145.5433455433455
3001.2421875,-127.57020757020757
3001.24609375,-111.94139194139193
3001.25,-87.32600732600733
3001.25390625,-67.3992673992674
3001.2578125,-49.42612942612943
3001.26171875,-38.485958485958484
3001.265625,-25.592185592185594
3001.26953125,-16.996336996336996
3001.2734375,-8.400488400488399
3001.27734375,-5.274725274725275
3001.28125,-6.056166056166057
3001.28515625,-6.837606837606838
3001.2890625,-15.433455433455434
3001.29296875,-15.433455433455434
3001.296875,-11.526251526251526
3001.30078125,-6.446886446886447
3001.3046875,-6.837606837606838
3001.30859375,-12.307692307692308
3001.3125,-19.340659340659343
3001.31640625,-20.903540903540904
3001.3203125,-19.731379731379732
3001.32421875,-25.592185592185594
3001.328125,-31.06227106227106
3001.33203125,-38.876678876678874
3001.3359375,-41.611721611721606
3001.33984375,-43.17460317460318
3001.34375,-46.69108669108669
3001.34765625,-56.06837606837607
3001.3515625,-67.78998778998778
3001.35546875,-74.04151404151405
3001.359375,-74.04151404151405
3001.36328125,-67.78998778998778
3001.3671875,-58.80341880341879
3001.37109375,-52.94261294261294
3001.375,-57.24053724053724
3001.37890625,-56.06837606837607
3001.3828125,-49.81684981684982
3001.38671875,-42.39316239316239
3001.390625,-34.969474969474966
3001.39453125,-30.28083028083028
3001.3984375,-22.466422466422465
3001.40234375,-13.08913308913309
3001.40625,-5.665445665445666
3001.41015625,2.1489621489621484
3001.4140625,2.9304029304029293
3001.41796875,5.274725274725273
3001.421875,7.2283272283272275
3001.42578125,10.354090354090353
3001.4296875,15.04273504273504
3001.43359375,23.638583638583636
3001.4375,28.717948717948715
3001.44140625,25.59218559218559
3001.4453125,25.982905982905983
3001.44921875,28.327228327228326
3001.453125,29.499389499389494
3001.45703125,33.7973137973138
3001.4609375,41.221001221001224
3001.46484375,42.78388278388278
3001.46875,45.51892551892551
3001.47265625,45.128205128205124
3001.4765625,47.47252747252747
3001.48046875,46.69108669108669
3001.484375,62.31990231990232
3001.48828125,80.68376068376068
3001.4921875,85.76312576312576
3001.49609375,92.01465201465201
3001.5,97.09401709401708
3001.50390625,99.82905982905982
3001.5078125,97.48473748473748
3001.51171875,101.78266178266178
3001.515625,101.78266178266178
3001.51953125,102.95482295482296
3001.5234375,105.29914529914528
3001.52734375,105.29914529914528
3001.53125,99.43833943833944
3001.53515625,95.92185592185591
3001.5390625,81.85592185592185
3001.54296875,72.47863247863248
3001.546875,69.74358974358974
3001.55078125,74.82295482295483
3001.5546875,83.8095238095238
3001.55859375,85.37240537240537
3001.5625,82.24664224664225
3001.56640625,82.63736263736263
3001.5703125,80.29304029304029
3001.57421875,77.16727716727715
3001.578125,77.94871794871794
3001.58203125,79.51159951159951
3001.5859375,81.07448107448106
3001.58984375,79.51159951159951
3001.59375,82.24664224664225
3001.59765625,76.38583638583638
3001.6015625,72.08791208791209
3001.60546875,76.38583638583638
3001.609375,74.82295482295483
3001.61328125,86.15384615384615
3001.6171875,97.09401709401708
3001.62109375,106.08058608058607
3001.625,113.5042735042735
3001.62890625,116.63003663003663
3001.6328125,124.44444444444444
3001.63671875,134.21245421245422
3001.640625,138.90109890109886
3001.64453125,145.5433455433455
3001.6484375,151.013431013431
3001.65234375,157.26495726495727
3001.65625,153.74847374847374
3001.66015625,153.35775335775335
3001.6640625,147.1062271062271
3001.66796875,141.24542124542126
3001.671875,143.98046398046398
3001.67578125,145.93406593406593
3001.6796875,144.37118437118434
3001.68359375,151.4041514041514
3001.6875,152.57631257631257
3001.69140625,149.45054945054946
3001.6953125,149.05982905982907
3001.69921875,151.7948717948718
3001.703125,151.4041514041514
3001.70703125,153.35775335775335
3001.7109375,148.2783882783883
3001.71484375,140.07326007326006
3001.71875,134.21245421245422
3001.72265625,121.3186813186813
3001.7265625,102.95482295482296
3001.73046875,92.4053724053724
3001.734375,86.93528693528694
3001.73828125,85.37240537240537
3001.7421875,79.12087912087912
3001.74609375,75.6043956043956
3001.75,71.30647130647131
3001.75390625,61.14774114774114
3001.7578125,54.896214896214886
3001.76171875,48.253968253968246
3001.765625,38.87667887667887
3001.76953125,33.7973137973138
3001.7734375,30.67155067155067
3001.77734375,21.684981684981683
3001.78125,21.294261294261293
3001.78515625,18.94993894993895
3001.7890625,20.122100122100118
3001.79296875,24.810744810744808
3001.796875,32.62515262515262
3001.80078125,48.253968253968246
3001.8046875,56.45909645909646
3001.80859375,56.84981684981684
3001.8125,55.67765567765568
3001.81640625,63.10134310134309
3001.8203125,68.18070818070818
3001.82421875,71.6971916971917
3001.828125,78.33943833943833
3001.83203125,80.29304029304029
3001.8359375,83.41880341880342
3001.83984375,91.23321123321124
3001.84375,93.96825396825396
3001.84765625,91.23321123321124
3001.8515625,87.32600732600733
3001.85546875,82.24664224664225
3001.859375,77.94871794871794
3001.86328125,79.90231990231989
3001.8671875,79.90231990231989
3001.87109375,81.46520146520146
3001.875,71.6971916971917
3001.87890625,63.49206349206349
3001.8828125,59.975579975579976
3001.88671875,52.55189255189255
3001.890625,42.002442002442
3001.89453125,32.23443223443223
3001.8984375,16.605616605616603
3001.90234375,8.00976800976801
3001.90625,-2.5396825396825404
3001.91015625,-10.744810744810744
3001.9140625,-23.247863247863247
3001.91796875,-34.18803418803419
3001.921875,-36.92307692307692
3001.92578125,-48.253968253968246
3001.9296875,-50.598290598290596
3001.93359375,-52.16117216117215
3001.9375,-54.11477411477411
3001.94140625,-62.31990231990232
3001.9453125,-51.37973137973138
3001.94921875,-42.39316239316239
3001.953125,-38.876678876678874
3001.95703125,-16.996336996336996
3001.9609375,-22.466422466422465
3001.96484375,-23.247863247863247
3001.96875,-15.04273504273504
3001.97265625,-8.00976800976801
3001.9765625,-16.214896214896214
3001.98046875,-17.38705738705739
3001.984375,-12.307692307692308
3001.98828125,-9.181929181929183
3001.9921875,-6.056166056166057
3001.99609375,4.102564102564102
3002.0,11.916971916971914
3002.00390625,9.57264957264957
3002.0078125,4.493284493284492
3002.01171875,8.400488400488397
3002.015625,6.056166056166055
3002.01953125,0.19536019536019467
3002.0234375,16.996336996336996
3002.02734375,2.1489621489621484
3002.03125,-2.1489621489621498
3002.03515625,-4.102564102564103
3002.0390625,-12.698412698412698
3002.04296875,-9.572649572649572
3002.046875,-8.400488400488399
3002.05078125,-0.9768009768009775
3002.0546875,6.446886446886445
3002.05859375,-3.711843711843712
3002.0625,-4.102564102564103
3002.06640625,0.19536019536019467
3002.0703125,3.3211233211233204
3002.07421875,3.3211233211233204
3002.078125,-1.7582417582417589
3002.08203125,-9.963369963369964
3002.0859375,-10.354090354090355
3002.08984375,-3.3211233211233218
3002.09375,-0.5860805860805868
3002.09765625,11.916971916971914
3002.1015625,-1.3675213675213682
3002.10546875,-1.7582417582417589
3002.109375,-2.9304029304029307
3002.11328125,3.3211233211233204
3002.1171875,16.605616605616603
3002.12109375,20.51282051282051
3002.125,23.247863247863247
3002.12890625,24.420024420024415
3002.1328125,28.717948717948715
3002.13671875,33.015873015873005
3002.140625,34.96947496947496
3002.14453125,24.810744810744808
3002.1484375,25.2014652014652
3002.15234375,29.108669108669105
3002.15625,29.499389499389494
3002.16015625,28.717948717948715
3002.1640625,29.499389499389494
3002.16796875,9.57264957264957
3002.171875,9.963369963369964
3002.17578125,8.400488400488397
3002.1796875,3.711843711843711
3002.18359375,9.57264957264957
3002.1875,13.47985347985348
3002.19140625,8.00976800976801
3002.1953125,7.619047619047618
3002.19921875,-0.5860805860805868
3002.203125,-3.711843711843712
3002.20703125,-10.744810744810744
3002.2109375,-25.592185592185594
3002.21484375,-38.485958485958484
3002.21875,-47.47252747252747
3002.22265625,-58.80341880341879
3002.2265625,-74.04151404151405
3002.23046875,-75.99511599511598
3002.234375,-92.7960927960928
3002.23828125,-93.57753357753357
3002.2421875,-101.78266178266178
3002.24609375,-101.78266178266178
3002.25,-93.57753357753357
3002.25390625,-83.8095238095238
3002.2578125,-77.94871794871796
3002.26171875,-67.00854700854701
3002.265625,-53.724053724053725
3002.26953125,-40.83028083028083
3002.2734375,-30.671550671550676
3002.27734375,-24.02930402930403
3002.28125,-20.903540903540904
3002.28515625,-15.433455433455434
3002.2890625,-14.261294261294262
3002.29296875,-8.00976800976801
3002.296875,6.446886446886445
3002.30078125,2.1489621489621484
3002.3046875,9.181929181929181
3002.30859375,9.181929181929181
3002.3125,6.837606837606837
3002.31640625,11.916971916971914
3002.3203125,23.638583638583636
3002.32421875,29.108669108669105
3002.328125,18.559218559218557
3002.33203125,11.526251526251526
3002.3359375,18.94993894993895
3002.33984375,15.43345543345543
3002.34375,13.870573870573867
3002.34765625,24.810744810744808
3002.3515625,-5.274725274725275
3002.35546875,-6.837606837606838
3002.359375,-9.963369963369964
3002.36328125,-10.354090354090355
3002.3671875,6.056166056166055
3002.37109375,2.9304029304029293
3002.375,-2.9304029304029307
3002.37890625,3.711843711843711
3002.3828125,13.089133089133089
3002.38671875,31.06227106227106
3002.390625,45.51892551892551
3002.39453125,62.71062271062271
3002.3984375,71.6971916971917
3002.40234375,72.47863247863248
3002.40625,84.59096459096459
3002.41015625,89.67032967032966
3002.4140625,86.93528693528694
3002.41796875,92.01465201465201
3002.421875,103.34554334554335
3002.42578125,90.84249084249085
3002.4296875,79.90231990231989
3002.43359375,91.23321123321124
3002.4375,89.27960927960926
3002.44140625,86.15384615384615
3002.4453125,92.4053724053724
3002.44921875,94.74969474969475
3002.453125,75.99511599511598
3002.45703125,71.6971916971917
3002.4609375,80.68376068376068
3002.46484375,82.63736263736263
3002.46875,79.51159951159951
3002.47265625,89.67032967032966
3002.4765625,81.85592185592185
3002.48046875,72.86935286935287
3002.484375,72.47863247863248
3002.48828125,80.68376068376068
3002.4921875,76.77655677655677
3002.49609375,58.41269841269841
3002.5,74.82295482295483
3002.50390625,54.11477411477411
3002.5078125,34.18803418803419
3002.51171875,27.545787545787544
3002.515625,21.294261294261293
3002.51953125,5.665445665445665
3002.5234375,11.135531135531135
3002.52734375,8.00976800976801
3002.53125,-12.307692307692308
3002.53515625,-20.122100122100118
3002.5390625,-29.89010989010989
3002.54296875,-38.876678876678874
3002.546875,-44.737484737484735
3002.55078125,-33.7973137973138
3002.5546875,-35.36019536019536
3002.55859375,-49.42612942612943
3002.5625,-49.81684981684982
3002.56640625,-64.66422466422466
3002.5703125,-76.38583638583638
3002.57421875,-72.08791208791209
3002.578125,-73.26007326007324
3002.58203125,-67.78998778998778
3002.5859375,-69.74358974358974
3002.58984375,-60.757020757020754
3002.59375,-93.57753357753357
3002.59765625,-86.54456654456654
3002.6015625,-101.00122100122098
3002.60546875,-113.1135531135531
3002.609375,-107.64346764346763
3002.61328125,-107.64346764346763
3002.6171875,-102.95482295482296
3002.62109375,-108.03418803418803
3002.625,-102.56410256410255
3002.62890625,-94.74969474969475
3002.6328125,-97.09401709401708
3002.63671875,-76.77655677655677
3002.640625,-75.21367521367522
3002.64453125,-86.54456654456654
3002.6484375,-68.18070818070818
3002.65234375,-63.101343101343105
3002.65625,-65.83638583638584
3002.66015625,-74.04151404151405
3002.6640625,-90.45177045177044
3002.66796875,-92.7960927960928
3002.671875,-90.84249084249085
3002.67578125,-94.74969474969475
3002.6796875,-95.14041514041514
3002.68359375,-68.18070818070818
3002.6875,-82.63736263736263
3002.69140625,-73.26007326007324
3002.6953125,-64.27350427350427
3002.69921875,-73.65079365079364
3002.703125,-58.41269841269841
3002.70703125,-44.346764346764346
3002.7109375,-30.671550671550676
3002.71484375,-39.26739926739927
3002.71875,-48.253968253968246
3002.72265625,-7.619047619047619
3002.7265625,-29.108669108669105
3002.73046875,-6.056166056166057
3002.734375,9.181929181929181
3002.73828125,-70.13431013431014
3002.7421875,-59.1941391941392
3002.74609375,-34.969474969474966
3002.75,-42.39316239316239
3002.75390625,3.711843711843711
3002.7578125,-11.916971916971917
3002.76171875,0.5860805860805853
3002.765625,-4.884004884004884
3002.76953125,15.824175824175823
3002.7734375,37.313797313797316
3002.77734375,6.056166056166055
3002.78125,9.963369963369964
3002.78515625,16.996336996336996
3002.7890625,0.976800976800976
3002.79296875,25.982905982905983
3002.796875,61.92918192918192
3002.80078125,94.35897435897435
3002.8046875,131.08669108669105
3002.80859375,104.9084249084249
3002.8125,85.37240537240537
3002.81640625,79.90231990231989
3002.8203125,83.02808302808303
3002.82421875,101.39194139194139
3002.828125,143.5897435897436
3002.83203125,92.7960927960928
3002.8359375,115.06715506715507
3002.83984375,130.3052503052503
3002.84375,91.23321123321124
3002.84765625,116.23931623931624
3002.8515625,75.99511599511598
3002.85546875,98.65689865689866
3002.859375,101.39194139194139
3002.86328125,118.19291819291819
3002.8671875,149.05982905982907
3002.87109375,106.86202686202687
3002.875,78.73015873015873
3002.87890625,72.08791208791209
3002.8828125,55.67765567765568
3002.88671875,59.58485958485958
3002.890625,90.45177045177044
3002.89453125,115.84859584859583
3002.8984375,117.020757020757
3002.90234375,148.2783882783883
3002.90625,128.74236874236874
3002.91015625,99.04761904761905
3002.9140625,39.26739926739927
3002.91796875,27.936507936507937
3002.921875,18.559218559218557
3002.92578125,23.247863247863247
3002.9296875,40.43956043956044
3002.93359375,31.45299145299145
3002.9375,-17.777777777777775
3002.94140625,-26.76434676434676
3002.9453125,-28.717948717948715
3002.94921875,-38.095238095238095
3002.953125,-20.512820512820515
3002.95703125,-23.247863247863247
3002.9609375,-56.84981684981685
3002.96484375,-62.31990231990232
3002.96875,-11.135531135531137
3002.97265625,-6.446886446886447
3002.9765625,-59.58485958485958
3002.98046875,-32.23443223443223
3002.984375,-109.59706959706959
3002.98828125,-172.1123321123321
3002.9921875,-120.53724053724054
3002.99609375,-132.25885225885224
